plant.h,block,treatment,position,source.pop,source pop number,source.fam,field.greenhouse,first.flower,rosette.diameter,height,leaf.length,SLA,branch.length,internode.number,internode.length,biomass,seeds.per.fruit ,fruits
1,1,c,1,NUH,9,NUH11,G,113,24.00,5,12.236,35.5928,n/a,n/a,n/a,2.34,5,71
2,1,c,2,SCH,11,SCH15,G,105,28.67,10,15.208,26.1204,n/a,n/a,n/a,n/a,4.8,99
3,1,c,3,SSH,15,SSH7,G,105,21.00,6,7.127,38.8673,n/a,n/a,n/a,n/a,5,121
5,1,c,5,SHH,12,SHH5,G,92,22.00,8,13.801,36.6873,n/a,n/a,n/a,n/a,5,102
6,1,c,6,SCH,11,SCH2,F,105,21.33,5,11.505,25.7649,n/a,n/a,n/a,n/a,4.8,108
7,1,c,1,SHL,13,SHL4,F,105,21.00,6,11.858,32.5744,70,9,7.77777777777778,2.66,5,75
8,1,c,2,SHL,13,SHL14,G,105,19.67,6,6.647,34.7211,n/a,n/a,n/a,n/a,5,102
10,1,c,4,PWL,10,PWL3,G,99,19.67,7,11.49,33.1644,n/a,n/a,n/a,n/a,5,87
11,1,c,5,SHL2,14,SHL215,F,99,16.00,5,10.109,26.4275,n/a,n/a,n/a,n/a,4.8,87
12,1,c,6,NBL,7,NBL8,F,92,18.00,4,8.177,30.2024,n/a,n/a,n/a,n/a,5,90
13,1,he,1,SCH,11,SCH15,G,113,31.00,19,18.833,39.8361,n/a,n/a,n/a,n/a,4.6,65
14,1,he,2,SSH,15,SSH7,G,113,29.33,18,15.528,45.5549,n/a,n/a,n/a,n/a,5,65
16,1,he,4,SCH,11,SCH2,F,127,34.67,14,19.701,42.327967806841,n/a,n/a,n/a,n/a,4.6,58
17,1,he,5,NUH,9,NUH11,G,121,33.00,13,9.515,42.3817,n/a,n/a,n/a,n/a,5,31
18,1,he,6,ERH,1,ERH5,F,105,28.00,8,17.837,47.6631,n/a,n/a,n/a,n/a,4.6,73
19,1,he,1,MHL,5,MHL10,F,113,25.00,16,19.668,43.1825,n/a,n/a,n/a,n/a,5,62
20,1,he,2,SHL2,14,SHL215,F,121,35.00,16,15.668,52.4654,n/a,n/a,n/a,n/a,5,65
21,1,he,3,SHL,13,SHL4,F,113,32.33,15,19.101,41.2059,n/a,n/a,n/a,n/a,5,86
22,1,he,4,PWL,10,PWL3,G,113,35.67,14,20.22,38.6732,n/a,n/a,n/a,n/a,5,83
23,1,he,5,NBL,7,NBL8,F,113,30.33,12,16.234,43.0561,n/a,n/a,n/a,n/a,5,58
24,1,he,6,SHL,13,SHL14,G,105,22.00,9,12.114,36.0154241645244,n/a,n/a,n/a,n/a,5,72
25,1,ho,1,SCH,11,SCH15,G,105,32.00,12,19.131,34.0479,80,12,6.66666666666667,3.15,4.8,72
26,1,ho,2,SHH,12,SHH5,G,99,33.00,12,18.935,43.6274,n/a,n/a,n/a,2.63,4.8,95
27,1,ho,3,ERH,1,ERH5,F,113,32.67,9,21.718,36.1264,n/a,n/a,n/a,2.66,5,75
28,1,ho,4,SCH,11,SCH2,F,121,30.00,11,16.015,31.7192,n/a,n/a,n/a,2.80,4.8,74
29,1,ho,5,SSH,15,SSH7,G,113,32.00,14,17.407,36.8963,75,8,9.375,2.76,4.4,72
30,1,ho,6,NUH,9,NUH11,G,113,25.33,6,11.726,30.7049,n/a,n/a,n/a,n/a,5,71
31,1,ho,1,PWL,10,PWL3,G,113,29.33,11,17.221,34.0817,71,8,8.875,3.00,4.8,65
32,1,ho,2,SHL,13,SHL4,F,113,27.33,13,18.576,35.3680,n/a,n/a,n/a,2.44,4.4,67
33,1,ho,3,MHL,5,MHL10,F,99,25.67,8,16.475,36.0737051792829,n/a,n/a,n/a,2.47,5,106
34,1,ho,4,SHL2,14,SHL215,F,99,29.00,10,13.24,48.2289719626168,71,8,8.875,2.99,4.8,76
35,1,ho,5,SHL,13,SHL14,G,105,29.33,8,17.407,43.3128,n/a,n/a,n/a,2.26,4.6,74
36,1,ho,6,NBL,7,NBL8,F,99,23.67,7,13.575,35.7975,66,10,6.6,2.05,5,69
37,2,c,1,NUH,9,NUH10,G,99,22.67,5,13.824,27.6772,57,9,6.33333333333333,1.83,5,87
38,2,c,2,NPH,8,NPH8,G,99,19.67,7,11.357,27.8535,69,10,6.9,2.23,5,64
39,2,c,3,ILH,4,ILH11,G,99,17.67,5,9.129,28.4423,56,10,5.6,1.88,5,71
40,2,c,4,NUH,9,NUH5,G,99,15.00,3,8.707,24.4038,62,9,6.88888888888889,2.34,4.6,43
41,2,c,5,NUH,9,NUH3,G,92,20.00,6,11.448,26.133676092545,70,10,7,1.82,5,71
42,2,c,6,ERH,1,ERH17,F,105,21.67,6,12.565,24.0139,61,9,6.77777777777778,3.67,4,41
44,2,c,2,SHL,13,SHL1,F,99,n/a,n/a,10.366,27.0837,n/a,n/a,n/a,2.28,5,69
45,2,c,3,SHL2,14,SHL212,F,99,17.67,4,8.59,24.1667,45,9,5,2.33,5,103
46,2,c,4,MHL,5,MHL4,F,92,17.33,4,10.806,30.6860,55,10,5.5,1.99,4.8,74
47,2,c,5,SHL,13,SHL16,G,92,17.33,5,10.49,26.2617,62,10,6.2,2.49,5,89
48,2,c,6,PWL,10,PWL3,G,105,17.00,4,8.875,28.6685,52,9,5.77777777777778,2.47,4.4,60
49,2,he,1,ILH,4,ILH11,G,105,30.67,12,16.901,39.7216,75,10,7.5,2.45,5,80
50,2,he,2,NPH,8,NPH8,G,121,30.33,14,13.325,40.4879,79,10,7.9,2.79,4.8,56
51,2,he,3,ERH,1,ERH17,F,113,34.00,9,18.532,40.1299,79,10,7.9,3.14,3.6,61
52,2,he,4,NUH,9,NUH5,G,121,25.67,10,17.227,39.0993,74,10,7.4,2.48,5,23
53,2,he,5,NUH,9,NUH3,G,105,26.00,10,17.619,43.7210,88,10,8.8,1.95,5,41
54,2,he,6,NUH,9,NUH10,G,127,29.67,6,14.555,29.9442,65,9,7.22222222222222,2.52,5,65
55,2,he,1,MHL,5,MHL4,F,99,25.33,14,12.797,48.7565,82,10,8.2,2.03,4.4,46
56,2,he,2,PWL,10,PWL3,G,105,33.33,11,18.339,34.3048,77,9,8.55555555555556,2.94,5,80
57,2,he,3,SHL,13,SHL1,F,113,29.67,13,17.71,38.9053,77,10,7.7,2.75,4.6,70
58,2,he,4,SHL,13,SHL16,G,105,32.00,11,17.382,36.1380,79,11,7.18181818181818,2.83,4.6,83
60,2,he,6,SHL2,14,SHL212,F,105,27.00,9,14.294,29.3105,71,10,7.1,2.56,5,86
61,2,ho,1,NUH,9,NUH5,G,99,21.67,3,11.089,38.3247,62,9,6.88888888888889,3.11,5,26
63,2,ho,3,NUH,9,NUH3,G,105,30.00,9,15.684,32.3715,62,9,6.88888888888889,2.37,5,48
64,2,ho,4,NPH,8,NPH8,G,99,26.67,7,11.219,31.9855,77,11,7,2.56,5,51
65,2,ho,5,NUH,9,NUH10,G,113,32.33,8,15.627,31.2998,75,10,7.5,2.98,5,71
66,2,ho,6,ILH,4,ILH11,G,105,20.33,8,11.458,27.0983,58,9,6.44444444444444,1.77,5,68
67,2,ho,1,SHL2,14,SHL212,F,105,26.00,11,14.157,36.2207,65,8,8.125,2.56,5,97
69,2,ho,3,SHL,13,SHL16,G,113,23.33,10,13.797,35.8031,75,10,7.5,2.41,5,76
70,2,ho,4,PWL,10,PWL3,G,99,25.67,7,12.52,30.8122,67,9,7.44444444444444,2.66,4.4,90
71,2,ho,5,SHL,13,SHL1,F,105,21.33,9,10.875,33.2745,64,10,6.4,1.59,5,43
72,2,ho,6,MHL,5,MHL4,F,99,24.00,9,11.941,31.1546,55,9,6.11111111111111,2.15,5,94
73,3,c,1,SSH,15,SSH2,G,92,19.67,8,12.233,31.0030,83,11,7.54545454545455,3.07,5,89
74,3,c,2,NPH,8,NPH7,G,94,22.67,9,11.894,31.6377,78,9,8.66666666666667,3.22,4.8,102
75,3,c,3,SCH,11,SCH13,G,113,26.00,11,20.298,32.3980,64,9,7.11111111111111,3.29,4.2,84
76,3,c,4,SCH,11,SCH15,G,113,27.67,11,12.253,40.5959,80,11,7.27272727272727,3.95,4,123
77,3,c,5,SCH,11,SCH1,F,113,27.33,8,15.369,28.4977,n/a,n/a,n/a,3.55,4.6,140
78,3,c,6,NUH,9,NUH7,G,99,18.67,8,11.993,25.2827,83,11,7.54545454545455,2.51,5,89
79,3,c,1,SHL,13,SHL5,F,113,20.33,8,12.276,32.2334,75,11,6.81818181818182,3.34,5,109
80,3,c,2,MHL,5,MHL4,F,99,22.33,8,13.429,34.0925,73,9,8.11111111111111,2.45,5,72
81,3,c,3,NBL,7,NBL9,F,105,20.67,7,13.871,38.7548,77,9,8.55555555555556,2.89,5,73
82,3,c,4,PWL,10,PWL6,G,113,22.67,10,11.89,31.4454,76,10,7.6,3.03,5,76
83,3,c,5,NBL,7,NBL19,F,99,20.00,6,11.078,29.8598,82,10,8.2,2.49,4.8,73
84,3,c,6,SHL2,14,SHL213,F,105,20.67,8,15.535,30.3107,78,10,7.8,2.59,5,86
85,3,he,1,NPH,8,NPH7,G,121,25.00,18,18.318,38.8615,75,10,7.5,2.93,4.8,72
86,3,he,2,SCH,11,SCH1,F,121,32.67,14,16.082,23.2456,77,11,7,3.42,4.2,119
87,3,he,3,SSH,15,SSH2,G,113,28.67,9,15.372,36.2051,78,10,7.8,2.94,4.6,70
88,3,he,4,NUH,9,NUH7,G,105,23.67,10,14.527,45.3614,84,12,7,2.55,4.6,76
89,3,he,5,SCH,11,SCH15,G,113,38.33,14,26.956,34.4062,89,11,8.09090909090909,3.89,4.4,81
90,3,he,6,SCH,11,SCH13,G,113,27.33,13,18.452,25.5338,58,10,5.8,3.12,3.8,122
91,3,he,1,SHL,13,SHL5,F,113,29.33,13,17.2,47.7766,82,10,8.2,2.41,5,61
93,3,he,3,NBL,7,NBL9,F,113,24.67,13,17.107,34.9265,69,10,6.9,2.51,5,76
94,3,he,4,PWL,10,PWL6,G,113,29.67,8,17.638,34.8304,80,9,8.88888888888889,2.76,5,69
95,3,he,5,NBL,7,NBL19,F,113,24.33,16,16.834,35.5493,75,10,7.5,2.64,4.8,71
96,3,he,6,SHL2,14,SHL213,F,105,27.00,11,13.161,21.4922,58,10,5.8,2.54,5,120
97,3,ho,1,NPH,8,NPH7,G,105,26.67,16,18.577,36.8265,70,10,7,3.08,4.8,104
98,3,ho,2,NUH,9,NUH7,G,105,24.33,10,19.013,38.4107,103,11,9.36363636363636,2.67,5,101
99,3,ho,3,SCH,11,SCH1,F,121,31.33,17,20.917,35.0771,76,11,6.90909090909091,2.74,4.6,99
100,3,ho,4,SSH,15,SSH2,G,121,28.67,10,17.799,33.9204,83,10,8.3,2.82,4.6,97
101,3,ho,5,SCH,11,SCH13,G,113,33.67,9,15.665,26.5516,70,10,7,3.47,4.2,114
102,3,ho,6,SCH,11,SCH15,G,113,31.67,9,18.472,28.3800,61,11,5.54545454545455,2.84,4.6,99
103,3,ho,1,SHL2,14,SHL213,F,105,33.00,9,12.913,36.7761,71,9,7.88888888888889,2.74,5,86
104,3,ho,2,SHL,13,SHL5,F,121,27.33,11,13.554,38.6495,73,10,7.3,2.82,4.6,72
106,3,ho,4,NBL,7,NBL9,F,113,27.33,13,18.492,32.3659,73,9,8.11111111111111,2.28,5,60
107,3,ho,5,PWL,10,PWL6,G,121,29.67,7,18.977,31.9084,75,9,8.33333333333333,2.75,5,84
108,3,ho,6,MHL,5,MHL4,F,99,25.00,10,12.736,31.1034,52,9,5.77777777777778,1.92,5,67
109,4,c,1,SCH,11,SCH5,F,113,32.00,14,21.404,26.5984,87,10,8.7,4.35,4.2,102
110,4,c,2,SSH,15,SSH9,G,99,24.67,13,14.757,29.3365,70,10,7,2.27,5,75
111,4,c,3,ILH,4,ILH6,G,99,22.00,7,10.793,29.3333,58,10,5.8,2.03,5,79
112,4,c,4,NUH,9,NUH9,G,105,30.67,7,12.877,35.0362,70,10,7,2.39,4.8,72
113,4,c,5,SCH,11,SCH20,G,113,27.33,11,15.276,27.1888,75,11,6.81818181818182,3.72,4.4,105
114,4,c,6,ERH,1,ERH13,F,127,19.67,10,18.421,39.8005,50,7,7.14285714285714,1.63,4.4,36
115,4,c,1,WKL,16,WKL5,F,99,25.67,10,15.554,29.0508,70,9,7.77777777777778,2.47,4.8,78
116,4,c,2,SHL,13,SHL15,G,105,23.00,8,12.646,31.3249,65,10,6.5,2.68,4.8,84
117,4,c,3,PWL,10,PWL7,G,99,22.67,9,14.415,28.7590,76,11,6.90909090909091,3.05,4.8,97
119,4,c,5,PWL,10,PWL6,G,105,25.00,12,12.241,31.6469,80,11,7.27272727272727,2.78,5,83
120,4,c,6,PWL,10,PWL1,G,99,20.67,7,12.17,24.9175,57,9,6.33333333333333,2.21,4.8,68
121,4,he,1,SSH,15,SSH9,G,113,29.00,11,21.301,38.2577,89,10,8.9,2.62,5,71
123,4,he,3,ILH,4,ILH6,G,105,26.67,8,13.697,37.0451,76,11,6.90909090909091,2.50,5,78
124,4,he,4,SCH,11,SCH5,F,121,36.67,18,22.311,35.9079,82,11,7.45454545454545,2.91,4.4,47
125,4,he,5,SCH,11,SCH20,G,121,39.33,12,24.444,36.0156,71,10,7.1,3.62,4,85
126,4,he,6,NUH,9,NUH9,G,113,24.67,6,13.099,30.4236,49,8,6.125,2.04,4,66
127,4,he,1,PWL,10,PWL6,G,113,34.00,12,16.065,49.4113,65,9,7.22222222222222,2.64,5,50
128,4,he,2,WKL,16,WKL5,F,121,25.33,13,16.395,37.1050,79,10,7.9,2.47,4.2,39
129,4,he,3,PWL,10,PWL1,G,113,32.67,12,23.729,34.0931,72,9,8,2.66,5,49
130,4,he,4,WKL,16,WKL10,F,121,26.67,18,16.37,54.1553,80,10,8,1.88,4.6,48
131,4,he,5,SHL,13,SHL15,G,113,27.00,10,19.441,40.1680,73,10,7.3,2.57,5,55
132,4,he,6,PWL,10,PWL7,G,105,25.67,8,13.424,29.9731,62,9,6.88888888888889,2.72,5,83
133,4,ho,1,SCH,11,SCH5,F,113,34.00,18,24.78,27.2743,83,11,7.54545454545455,3.95,4.4,81
134,4,ho,2,ILH,4,ILH6,G,105,30.33,14,16.673,36.6591,80,10,8,3.12,5,86
135,4,ho,3,NUH,9,NUH9,G,113,33.00,9,17.094,33.1351,69,9,7.66666666666667,2.62,4.6,69
136,4,ho,4,SCH,11,SCH20,G,113,33.67,13,18.568,30.5057,66,9,7.33333333333333,4.32,3.2,95
137,4,ho,5,SSH,15,SSH9,G,105,31.33,11,18.783,37.2396,80,10,8,2.71,5,91
138,4,ho,6,ERH,1,ERH13,F,113,29.00,6,17.447,30.4872,64,9,7.11111111111111,2.79,4.4,101
139,4,ho,1,PWL,10,PWL1,G,105,26.67,13,13.079,31.6877,75,9,8.33333333333333,2.86,5,86
140,4,ho,2,SHL,13,SHL15,G,105,28.67,13,16.179,34.8559,75,10,7.5,2.78,5,70
141,4,ho,3,PWL,10,PWL6,G,113,30.00,12,13.034,36.6630,71,10,7.1,3.09,5,82
142,4,ho,4,WKL,16,WKL5,F,105,28.33,17,17.449,34.0769,79,11,7.18181818181818,2.61,4.6,89
143,4,ho,5,PWL,10,PWL7,G,113,29.00,14,16.923,32.6871,74,9,8.22222222222222,3.09,5,91
144,4,ho,6,WKL,16,WKL10,F,113,27.33,9,13.056,40.3605,59,9,6.55555555555556,2.23,4,93
145,5,c,1,ERH,1,ERH6,F,105,28.00,7,15.975,33.5649,51,9,5.66666666666667,4.97,4.2,55
146,5,c,2,NPH,8,NPH9,G,105,24.67,9,12.165,33.3932,56,9,6.22222222222222,3.23,5,87
147,5,c,3,NPH,8,NPH6,G,99,20.67,6,13.74,28.0452,61,8,7.625,4.08,5,62
148,5,c,4,ERH,1,ERH9,F,105,27.00,7,15.003,26.4095,59,9,6.55555555555556,5.23,4.6,84
149,5,c,5,SSH,15,SSH3,G,99,18.00,5,12.848,30.7582,74,10,7.4,3.74,5,57
150,5,c,6,SHH,12,SHH1,G,105,22.33,5,10.610,23.0031,48,9,5.33333333333333,3.48,5,108
151,5,c,1,PWL,10,PWL4,G,99,17.67,7,12.170,35.4582,55,9,6.11111111111111,3.33,5,65
152,5,c,2,NBL,7,NBL13,F,99,20.00,8,10.995,29.2882,60,10,6,3.00,5,68
153,5,c,3,ERL,2,ERL1,G,105,22.00,5,13.332,28.3634,56,9,6.22222222222222,4.05,4.8,99
154,5,c,4,PWL,10,PWL10,G,99,21.67,6,11.834,31.2608,56,9,6.22222222222222,3.87,5,56
157,5,he,1,NPH,8,NPH9,G,113,23.67,15,12.459,54.7177,73,8,9.125,3.76,5,39
158,5,he,2,ERH,1,ERH9,F,113,31.00,16,21.132,42.6374,77,9,8.55555555555556,4.04,4,35
159,5,he,3,SHH,12,SHH1,G,113,29.67,15,17.341,41.8922,84,9,9.33333333333333,4.11,5,47
160,5,he,4,ERH,1,ERH6,F,113,31.00,17,25.730,43.7355,86,9,9.55555555555556,4.05,4.4,26
161,5,he,5,SSH,15,SSH3,G,121,26.67,18,17.988,44.9690,87,9,9.66666666666667,3.78,4.4,31
162,5,he,6,NPH,8,NPH6,G,105,23.00,10,14.824,28.3743,78,8,9.75,4.11,4.6,39
163,5,he,1,NBL,7,NBL2,F,113,23.67,12,15.404,47.5788,70,9,7.77777777777778,3.76,4.8,35
164,5,he,2,WKL,16,WKL5,F,113,27.33,18,18.159,33.4089,84,9,9.33333333333333,4.28,5,31
165,5,he,3,NBL,7,NBL13,F,113,24.67,15,12.415,53.8715,76,9,8.44444444444444,3.82,5,37
166,5,he,4,ERL,2,ERL1,G,121,31.67,14,20.186,41.1866,87,9,9.66666666666667,5.51,3,23
167,5,he,5,PWL,10,PWL10,G,113,28.33,12,16.182,39.8239,71,8,8.875,4.67,4.2,39
168,5,he,6,PWL,10,PWL4,G,113,23.33,12,11.249,30.7770,64,8,8,4.81,5,61
169,5,ho,1,NPH,8,NPH6,G,105,25.00,10,14.208,33.8658,63,7,9,3.32,5,38
170,5,ho,2,SSH,15,SSH3,G,99,28.33,13,15.158,39.7015,73,8,9.125,3.74,n/a,n/a
171,5,ho,3,SHH,12,SHH1,G,105,28.33,12,17.952,38.0872,74,10,7.4,4.03,5,72
172,5,ho,4,NPH,8,NPH9,G,105,27.33,14,17.171,37.4791,58,8,7.25,3.89,5,75
173,5,ho,5,ERH,1,ERH9,F,113,31.33,10,22.335,41.6176,82,10,8.2,3.78,4.2,31
175,5,ho,1,NBL,7,NBL13,F,105,25.33,17,19.114,35.7130,73,8,9.125,2.74,5,42
176,5,ho,2,ERL,2,ERL1,G,121,29.33,14,17.519,40.9738,78,9,8.66666666666667,4.35,n/a,n/a
177,5,ho,3,PWL,10,PWL4,G,113,28.00,14,14.176,38.4194,67,9,7.44444444444444,4.03,5,68
178,5,ho,4,NBL,7,NBL2,F,121,27.33,13,16.869,39.4039,74.5,9,8.27777777777778,2.75,4.8,37
179,5,ho,5,PWL,10,PWL10,G,113,26.67,13,16.775,41.2505,69,9,7.66666666666667,3.86,4.6,42
180,5,ho,6,WKL,16,WKL5,F,99,28.33,8,15.308,33.7063,62,9,6.88888888888889,3.25,4.6,50
181,6,c,1,SCH,11,SCH8,F,113,31.67,18,19.782,24.7734,70,10,7,4.14,4.2,126
182,6,c,2,ERH,1,ERH7,F,99,26.00,10,17.197,32.9714,57,10,n/a,2.78,4.8,119
183,6,c,3,ERH,1,ERH14,F,105,30.67,10,11.133,30.6143,62,10,6.2,2.65,4.6,115
184,6,c,4,SCH,11,SCH14,G,99,19.67,19,10.351,32.4140,94,11,8.54545454545454,2.79,5,67
185,6,c,5,SCH,11,SCH12,G,113,29.33,12,16.716,28.1250,82,11,7.45454545454545,4.29,3.8,118
186,6,c,6,NPH,8,NPH3,G,92,23.33,10,13.254,36.7392,64,11,5.81818181818182,2.50,5,104
187,6,c,1,SHL2,14,SHL216,F,121,33.00,12,21.446,39.1857923497268,88,11,8,2.56,5,77
188,6,c,2,MLL,6,MLL8,G,92,24.00,10,12.079,22.3911,62,11,5.63636363636364,2.77,4.2,137
189,6,c,3,MHL,5,MHL10,F,92,20.67,11,10.236,40.1330,72,10,7.2,2.09,4.8,90
190,6,c,4,SHL,13,SHL19,G,99,23.67,15,12.87,29.5172,77,11,7,3.23,4.8,114
191,6,c,5,SHL2,14,SHL219,F,99,22.67,11,9.537,29.8949,72,10,7.2,2.61,5,113
192,6,c,6,NBL,7,NBL6,F,92,20.33,10,13.473,26.4312,57,11,5.18181818181818,2.19,5,112
193,6,he,1,NPH,8,NPH3,G,99,26.00,24,12.887,46.0845,82,10,8.2,2.44,4.8,76
194,6,he,2,ERH,1,ERH7,F,113,31.33,19,18.513,44.2358,74,10,7.4,2.58,4,69
195,6,he,3,SCH,11,SCH8,F,113,26.67,9,14.777,26.2827324478178,n/a,n/a,n/a,2.75,4.4,53
196,6,he,4,ERH,1,ERH14,F,113,n/a,n/a,n/a,n/a,n/a,n/a,n/a,n/a,n/a,n/a
197,6,he,5,SCH,11,SCH12,G,121,31.33,14,24.64,32.4466,n/a,n/a,n/a,3.02,5,63
198,6,he,6,SCH,11,SCH14,G,121,31.67,10,19.518,30.2876,n/a,n/a,n/a,2.98,4.4,61
199,6,he,1,SHL2,14,SHL219,F,113,28.00,14,14.293,39.5686,n/a,n/a,n/a,2.47,5,68
200,6,he,2,NBL,7,NBL6,F,99,21.00,9,12.184,28.78125,n/a,n/a,n/a,2.16,5,44
201,6,he,3,MHL,5,MHL10,F,105,23.33,13,15.545,35.6434,76,10,7.6,2.30,5,81
202,6,he,4,SHL2,14,SHL216,F,121,28.00,12,16.358,33.6327,n/a,n/a,n/a,2.13,4.8,65
203,6,he,5,MLL,6,MLL8,G,113,32.00,12,18.296,29.5121,104,11,9.45454545454546,2.79,4.6,65
204,6,he,6,SHL,13,SHL19,G,113,30.67,9,n/a,n/a,88,10,8.8,2.19,4.8,64
205,6,ho,1,SCH,11,SCH14,G,99,30.00,20,15.982,30.7263,n/a,n/a,n/a,3.13,5,69
206,6,ho,2,ERH,1,ERH7,F,113,30.67,12,16.411,39.2760,82,10,8.2,2.40,4.6,84
207,6,ho,3,ERH,1,ERH14,F,105,29.00,8,14.872,24.3424,n/a,n/a,n/a,2.48,4.8,86
208,6,ho,4,NPH,8,NPH3,G,99,27.00,18,16.77,37.6168,82,11,7.45454545454545,2.63,4.8,107
209,6,ho,5,SCH,11,SCH12,G,113,32.00,19,19.172,32.7371,75,10,7.5,3.67,4,110
210,6,ho,6,SCH,11,SCH8,F,113,29.33,7,13.108,24.7897,n/a,n/a,n/a,2.98,4,110
211,6,ho,1,SHL2,14,SHL216,F,105,27.67,26,16.916,37.9724,n/a,n/a,n/a,2.80,n/a,98
213,6,ho,3,NBL,7,NBL6,F,99,25.00,13,15.657,31.7375,85,10,n/a,2.72,n/a,85
214,6,ho,4,MLL,6,MLL8,G,113,25.00,16,13.246,31.9043,76,10,n/a,2.73,n/a,76
215,6,ho,5,SHL2,14,SHL219,F,99,28.00,9,14.233,28.5481,72,10,n/a,2.53,n/a,108
216,6,ho,6,SHL,13,SHL19,G,113,18.00,4,10.548,20.0018,67,11,n/a,2.29,n/a,90
217,7,c,1,NPH,8,NPH6,G,99,21.00,6,11.443,27.6458,65,9,7.22222222222222,2.74,5,85
218,7,c,2,SHH,12,SHH2,G,99,18.67,8,11.629,29.7664,62,9,6.88888888888889,2.39,4.8,103
219,7,c,3,NUH,9,NUH3,G,99,21.33,8,12.597,28.3144,62,10,6.2,2.29,5,83
220,7,c,4,SCH,11,SCH20,G,113,28.00,12,15.591,26.8613,66,9,7.33333333333333,3.61,4.4,126
221,7,c,5,SSH,15,SSH6,G,105,19.67,6,9.858,33.2638,n/a,n/a,n/a,2.39,5,100
222,7,c,6,ERH,1,ERH2,F,105,20.67,5,12.826,23.1454,46,9,5.11111111111111,2.82,3.8,108
223,7,c,1,MLL,6,MLL7,G,99,20.67,13,13.5,27.5570,85,11,7.72727272727273,3.00,5,102
224,7,c,2,MHL,5,MHL20,F,92,19.00,6,11.245,32.6202,53,9,5.88888888888889,2.11,4.6,89
225,7,c,3,SHL,13,SHL18,G,99,17.33,6,10.022,27.0823,66,10,6.6,2.21,5,86
226,7,c,4,MHL,5,MHL16,F,99,17.67,9,10.037,58.1471,68,9,7.55555555555556,2.56,5,57
227,7,c,5,MHL,5,MHL3,F,105,20.67,9,10.844,29.1425,58,9,6.44444444444444,2.22,5,102
228,7,c,6,SHL2,14,SHL218,F,105,18.67,4,10.831,23.5691,40,10,4,2.15,5,125
229,7,he,1,NPH,8,NPH6,G,113,28.67,9,15.545,37.5407,70,9,7.77777777777778,2.86,5,50
230,7,he,2,SSH,15,SSH6,G,121,27.33,17,15.903,35.5158,91,9,10.1111111111111,3.17,5,74
231,7,he,3,SHH,12,SHH2,G,113,27.67,12,15.394,46.5765,84,9,9.33333333333333,3.79,5,59
232,7,he,4,NUH,9,NUH3,G,105,25.00,13,21.433,36.2161,99,10,9.9,2.87,5,40
233,7,he,5,ERH,1,ERH2,F,113,33.67,12,21.808,35.5031,79,10,7.9,3.25,3.8,63
234,7,he,6,SCH,11,SCH20,G,113,32.00,11,13.847,27.1550,64,9,7.11111111111111,3.58,4.4,58
235,7,he,1,MHL,5,MHL20,F,113,23.33,11,12.186,51.0476,77,9,8.55555555555556,2.29,5,41
236,7,he,2,MHL,5,MHL16,F,121,7.67,18,12.669,39.8137,89,8,11.125,1.66,5,23
237,7,he,3,MLL,6,MLL7,G,113,28.00,14,18.484,38.7500,95,10,9.5,2.99,4.6,65
238,7,he,4,SHL,13,SHL18,G,113,22.67,13,16.53,38.2871,87,9,9.66666666666667,2.97,5,74
239,7,he,5,MHL,5,MHL3,F,113,23.00,14,17.846,37.1395,74,9,8.22222222222222,2.55,5,62
240,7,he,6,SHL2,14,SHL218,F,121,25.67,12,13.378,32.7555,71,9,7.88888888888889,2.89,5,58
241,7,ho,1,NUH,9,NUH3,G,99,29.00,7,15.508,32.2241,94,12,7.83333333333333,2.73,4.6,71
242,7,ho,2,SSH,15,SSH6,G,121,26.67,13,15.751,32.7248,84,9,9.33333333333333,3.49,5,110
243,7,ho,3,SHH,12,SHH2,G,105,25.67,12,15.09,38.8931,74,10,7.4,3.16,5,104
244,7,ho,4,NPH,8,NPH6,G,121,22.67,6,13.977,30.2253,64,9,7.11111111111111,2.90,5,86
245,7,ho,5,ERH,1,ERH2,F,113,33.33,9,19.782,39.6032,71,10,7.1,2.97,4.4,84
246,7,ho,6,SCH,11,SCH20,G,113,34.67,7,19.101,23.6857,52,9,5.77777777777778,4.01,4.4,98
247,7,ho,1,SHL,13,SHL18,G,113,24.67,9,13.17,27.3926,78,10,7.8,2.99,5,94
249,7,ho,3,MHL,5,MHL20,F,113,31.00,10,22.634,41.7986,73,9,8.11111111111111,2.95,5,85
250,7,ho,4,MLL,6,MLL7,G,105,28.33,19,20.968,33.2596,83,10,8.3,3.62,5,113
251,7,ho,5,MHL,5,MHL16,F,121,15.67,12,10.453,46.0000,84,9,9.33333333333333,3.11,4,57
253,8,c,1,ERH,1,ERH20,F,105,25.33,8,12.724,27.2168,n/a,n/a,n/a,n/a,n/a,n/a
254,8,c,2,ILH,4,ILH5,G,105,20.00,7,7.347,41.2466,n/a,n/a,n/a,n/a,4.8,100
255,8,c,3,SSH,15,SSH7,G,99,20.00,7,8.65,39.6040,n/a,n/a,n/a,2.06,4.8,70
256,8,c,4,NPH,8,NPH3,G,92,20.67,13,8.311,44.6111,n/a,n/a,n/a,2.58,n/a,105
257,8,c,5,ERH,1,ERH16,F,113,28.00,9,14.177,34.5415,n/a,n/a,n/a,n/a,4.8,75
258,8,c,6,SHH,12,SHH2,G,105,23.00,8,9.696,35.8182,n/a,n/a,n/a,2.53,5,122
259,8,c,1,MHL,5,MHL11,F,105,23.67,6,13.414,45.2691,n/a,n/a,n/a,2.28,n/a,81
260,8,c,2,MLL,6,MLL4,G,92,23.67,13,12.278,37.2568,70,7,10,2.85,5,67
261,8,c,3,NBL,7,NBL10,F,99,21.33,10,14.764,32.8529,n/a,n/a,n/a,2.34,n/a,88
262,8,c,4,SHL2,14,SHL27,F,n/a,22.00,8,20.93,44.6917,n/a,n/a,n/a,n/a,5,62
263,8,c,5,SHL2,14,SHL217,F,105,25.00,10,n/a,n/a,n/a,n/a,n/a,2.63,n/a,86
264,8,c,6,SHL2,14,SHL212,F,99,22.67,9,13.089,30.2664,44,8,5.5,2.34,5,120
265,8,he,1,SSH,15,SSH7,G,113,29.00,16,19.317,38.1754,83,8,10.375,2.63,4.8,69
266,8,he,2,NPH,8,NPH3,G,105,28.00,22,15.85,50.0605,n/a,n/a,n/a,n/a,4.6,64
267,8,he,3,ILH,4,ILH5,G,113,28.33,17,11.924,49.1130,n/a,n/a,n/a,n/a,n/a,54
268,8,he,4,ERH,1,ERH16,F,113,29.00,11,16.274,31.7260,n/a,n/a,n/a,n/a,n/a,74
269,8,he,5,ERH,1,ERH20,F,113,31.33,9,18.433,42.1532,n/a,n/a,n/a,n/a,4.2,34
270,8,he,6,SHH,12,SHH2,G,113,25.33,14,13.398,40.6742,n/a,n/a,n/a,n/a,n/a,50
271,8,he,1,NBL,7,NBL10,F,113,28.67,15,19.827,39.2006,n/a,n/a,n/a,n/a,4.8,60
272,8,he,2,SHL2,14,SHL212,F,113,28.67,17,17.389,37.8351,72,10,7.2,2.64,5,78
273,8,he,3,MLL,6,MLL4,G,105,26.33,10,12.969,36.7656,n/a,n/a,n/a,2.73,5,78
274,8,he,4,SHL2,14,SHL217,F,121,31.33,11,15.297,40.1015,n/a,n/a,n/a,n/a,5,66
275,8,he,5,MHL,5,MHL11,F,105,34.00,17,17.07,47.4150,n/a,n/a,n/a,n/a,5,81
276,8,he,6,SHL2,14,SHL27,F,127,21.67,13,21.819,45.1053,77,8,9.625,n/a,4.8,36
277,8,ho,1,ERH,1,ERH16,F,105,33.33,12,19.57,53.8527,n/a,n/a,n/a,3.08,4.4,45
278,8,ho,2,ERH,1,ERH20,F,113,23.00,12,17.922,53.5071,n/a,n/a,n/a,3.04,4.6,59
279,8,ho,3,SSH,15,SSH7,G,99,25.00,10,11.576,54.1679,79,8,9.875,1.94,4.8,66
280,8,ho,4,ILH,4,ILH5,G,113,27.33,14,8.915,70.9091,n/a,n/a,n/a,1.79,5,58
281,8,ho,5,NPH,8,NPH3,G,99,29.00,15,14.989,47.8000,63,8,7.875,2.78,4.8,77
282,8,ho,6,SHH,12,SHH2,G,99,25.33,7,16.229,37.3807,88,8,11,2.98,4.8,108
283,8,ho,1,MLL,6,MLL4,G,113,32.00,13,17.89,40.8448,69,11,6.27272727272727,3.21,4.6,71
284,8,ho,2,SHL2,14,SHL217,F,121,28.00,12,17.829,35.6710,79,7,11.2857142857143,2.72,4.8,62
285,8,ho,3,SHL2,14,SHL212,F,113,30.33,13,18.615,47.1263,75,10,7.5,2.41,4.8,63
286,8,ho,4,NBL,7,NBL10,F,113,28.00,23,14.989,42.3458,94,10,9.4,2.86,5,66
287,8,ho,5,SHL2,14,SHL27,F,132,26.00,11,18.549,59.6197,74,7,10.5714285714286,1.42,5,38
288,8,ho,6,MHL,5,MHL11,F,99,22.33,6,13.15,36.5670,n/a,n/a,n/a,2.38,4.8,68
289,9,c,1,NPH,8,NPH12,G,92,24.33,14,7.807,40.2735,91,11,8.27272727272727,2.61,5,75
290,9,c,2,ERH,1,ERH3,F,105,25.00,7,14.321,27.9893,82,11,7.45454545454545,2.73,4.4,62
291,9,c,3,SSH,15,SSH6,G,99,23.00,7,7.271,47.0595,66,9,7.33333333333333,2.44,5,76
292,9,c,4,SSH,15,SSH9,G,99,24.33,8,10.487,29.4084,68,9,7.55555555555556,2.38,5,80
293,9,c,5,SSH,15,SSH8,G,92,26.00,12,14.564,31.1011,83,10,8.3,2.82,5,76
294,9,c,6,SSH,15,SSH11,G,92,19.33,4,10.996,22.6257,68,10,6.8,2.36,5,85
295,9,c,1,SHL2,14,SHL214,F,99,17.00,8,11.088,32.5781,65,10,6.5,1.92,5,75
296,9,c,2,SHL2,14,SHL220,F,99,22.00,8,10.713,31.2434,66,10,6.6,2.66,5,77
297,9,c,3,MHL,5,MHL9,F,92,21.33,8,11.471,31.9898,66,10,6.6,1.94,5,74
298,9,c,4,MLL,6,MLL5,G,92,21.00,15,14.186,36.6217,83,11,7.54545454545455,2.14,5,88
299,9,c,5,SHL,13,SHL9,F,105,24.00,6,13.676,23.1003,64,10,6.4,2.76,5,65
300,9,c,6,SHL2,14,SHL217,F,99,18.00,7,8.044,33.8980,60,10,6,2.16,5,86
301,9,he,1,NPH,8,NPH12,G,105,27.33,26,16.61,37.4829,94,10,9.4,2.75,5,83
302,9,he,2,SSH,15,SSH6,G,105,28.67,18,13.705,36.7764,90,9,10,3.71,4.8,75
303,9,he,3,ERH,1,ERH3,F,113,28.67,14,17.678,30.6705,68,11,6.18181818181818,3.09,4.2,122
304,9,he,4,SSH,15,SSH9,G,105,26.00,18,20.876,55.4344,85,10,8.5,2.74,5,68
305,9,he,5,SSH,15,SSH11,G,105,27.67,12,15.67,44.6237,65,12,5.41666666666667,2.56,5,114
306,9,he,6,SSH,15,SSH8,G,113,27.33,12,15.635,28.3889,78,10,7.8,2.24,5,84
307,9,he,1,MHL,5,MHL9,F,105,29.67,13,18.019,42.2573,77,11,7,2.75,4.8,92
308,9,he,2,SHL2,14,SHL220,F,121,35.67,10,19.604,29.2011,61,10,6.1,2.76,4.6,113
309,9,he,3,SHL2,14,SHL217,F,121,30.33,18,17.46,32.2292,76,10,7.6,2.73,5,50
310,9,he,4,SHL2,14,SHL214,F,121,32.33,17,16.755,36.6838,82,10,8.2,3.25,5,109
311,9,he,5,SHL,13,SHL9,F,121,32.00,15,17.373,42.1731,70,10,7,2.20,5,94
312,9,he,6,MLL,6,MLL5,G,105,26.33,16,12.281,27.1216,67,10,6.7,2.50,4.6,78
313,9,ho,1,NPH,8,NPH12,G,99,28.67,23,16.547,29.4321,100,11,9.09090909090909,2.92,5,115
314,9,ho,2,ERH,1,ERH3,F,113,26.33,16,17.428,39.8480,75,10,7.5,2.77,4.2,106
315,9,ho,3,SSH,15,SSH8,G,99,23.00,17,13.057,38.1762,79,11,7.18181818181818,2.79,5,106
316,9,ho,4,SSH,15,SSH11,G,113,34.33,17,15.845,35.6298,99,11,9,3.02,4.8,128
317,9,ho,5,SSH,15,SSH6,G,99,26.33,18,7.926,56.3182,89,10,8.9,2.62,5,89
318,9,ho,6,SSH,15,SSH9,G,99,22.33,12,11.394,28.3821,77,9,8.55555555555556,2.61,4.6,91
319,9,ho,1,MLL,6,MLL5,G,99,32.33,15,17.701,28.2294,92,10,9.2,2.93,5,96
320,9,ho,2,SHL,13,SHL9,F,113,28.33,19,6.956,42.7920,91,11,8.27272727272727,2.79,5,96
321,9,ho,3,SHL2,14,SHL214,F,99,28.33,13,16.495,34.0451,76,11,6.90909090909091,2.79,5,97
322,9,ho,4,MHL,5,MHL9,F,105,29.33,14,14.606,42.6022,97,11,8.81818181818182,2.65,5,93
323,9,ho,5,SHL2,14,SHL220,F,99,30.00,14,13.37,36.2885,74,10,7.4,2.94,5,90
324,9,ho,6,SHL2,14,SHL217,F,99,23.33,12,12.039,30.3593,58,10,5.8,2.93,4.8,101
325,10,c,1,SCH,11,SCH18,G,105,24.00,11,14.459,32.4414,n/a,n/a,n/a,3.24,n/a,109
326,10,c,2,NPH,8,NPH8,G,105,22.00,7,12.15,29.1422,72,11,6.54545454545455,2.58,5,67
327,10,c,3,ILH,4,ILH3,G,99,16.67,3,8.763,25.8333,n/a,n/a,n/a,n/a,4.8,84
328,10,c,4,SCH,11,SCH14,G,105,22.33,5,17.78,33.9234,n/a,n/a,n/a,n/a,n/a,113
329,10,c,5,NUH,9,NUH11,G,113,19.33,5,11.125,30.4924,n/a,n/a,n/a,n/a,5,51
330,10,c,6,SCH,11,SCH5,F,113,27.67,6,17.391,28.9850,n/a,n/a,n/a,n/a,4.4,95
331,10,c,1,SHL,13,SHL14,G,99,16.33,6,13.684,33.4000,n/a,n/a,n/a,n/a,5,74
332,10,c,2,SHL2,14,SHL216,F,105,18.33,4,11.425,28.3105,n/a,n/a,n/a,1.88,5,80
333,10,c,3,SHL,13,SHL14,G,99,16.33,5,8.824,30.7719,n/a,n/a,n/a,n/a,5,55
334,10,c,4,SHL,13,SHL20,G,105,18.67,7,9.762,31.8776,n/a,n/a,n/a,n/a,5,75
335,10,c,5,NBL,7,NBL9,F,99,17.33,5,9.096,30.5629,n/a,n/a,n/a,n/a,5,71
336,10,c,6,MLL,6,MLL5,G,105,19.00,7,11.012,29.3886,81,10,8.1,2.56,5,80
337,10,he,1,SCH,11,SCH18,G,113,34.00,18,19.719,38.4113,n/a,n/a,n/a,n/a,4.8,74
338,10,he,2,NPH,8,NPH8,G,113,28.67,14,17.078,48.0293,69,7,9.85714285714286,2.47,5,34
339,10,he,3,SCH,11,SCH5,F,113,27.00,4,14.642,31.2230,67,9,7.44444444444444,2.64,4,82
340,10,he,4,ILH,4,ILH3,G,99,26.00,8,13.748,38.8028,78,11,7.09090909090909,2.61,4.8,53
341,10,he,5,SCH,11,SCH14,G,113,32.00,9,18.422,43.6004,82,9,9.11111111111111,3.25,4.2,104
342,10,he,6,NUH,9,NUH11,G,121,26.00,9,10.15,53.1429,68,7,9.71428571428571,2.36,5,48
343,10,he,1,SHL,13,SHL14,G,113,24.00,18,15.823,58.3295,75,7,10.7142857142857,1.86,5,35
344,10,he,2,SHL2,14,SHL216,F,121,23.33,6,9.921,32.6096,70,8,8.75,2.42,5,84
345,10,he,3,SHL,13,SHL20,G,105,24.67,13,14.974,48.8834,76,10,7.6,2.43,5,64
346,10,he,4,MLL,6,MLL5,G,113,26.33,19,16.923,43.2867,105,11,9.54545454545454,2.94,5,55
347,10,he,5,NBL,7,NBL9,F,113,23.33,8,15.79,51.5202,79,8,9.875,1.59,5,46
348,10,he,6,SHL,13,SHL14,G,113,26.33,8,15.965,46.7228,76,8,9.5,2.30,5,53
349,10,ho,1,NPH,8,NPH8,G,113,26.33,14,15.577,37.5130,72,10,7.2,2.71,5,43
350,10,ho,2,NUH,9,NUH11,G,121,25.33,10,16.055,60.4194,n/a,n/a,n/a,n/a,5,31
351,10,ho,3,ILH,4,ILH3,G,105,28.33,11,15.322,39.3721,n/a,n/a,n/a,n/a,5,73
352,10,ho,4,SCH,11,SCH14,G,121,35.33,10,25.122,43.1633,n/a,n/a,n/a,n/a,4.6,83
353,10,ho,5,SCH,11,SCH18,G,113,33.33,12,21.821,50.4426,n/a,n/a,n/a,n/a,5,73
354,10,ho,6,SCH,11,SCH5,F,113,31.00,12,17.196,39.8692,n/a,n/a,n/a,n/a,4.6,86
355,10,ho,1,SHL,13,SHL14,G,105,26.00,8,14.756,41.4296,88,11,8,2.66,5,72
356,10,ho,2,SHL,13,SHL20,G,113,32.00,10,17.612,48.3187,n/a,n/a,n/a,n/a,4.8,74
357,10,ho,3,SHL2,14,SHL216,F,113,29.67,11,17.84,45.9959,n/a,n/a,n/a,n/a,n/a,n/a
358,10,ho,4,NBL,7,NBL9,F,113,28.33,13,5.322,74.6389,n/a,n/a,n/a,n/a,4.8,75
359,10,ho,5,MLL,6,MLL5,G,113,29.33,15,22.456,55.2071,n/a,n/a,n/a,2.47,4.8,51
360,10,ho,6,SHL,13,SHL14,G,105,25.33,8,12.27,40.7295,n/a,n/a,n/a,n/a,5,65
361,11,c,1,SSH,15,SSH11,G,92,22.67,9,11.29,29.0985,71,8,8.875,3.26,n/a,n/a
362,11,c,2,SCH,11,SCH7,F,113,27.33,9,15.771,30.0766,60.5,9,6.72222222222222,5.51,5,81
363,11,c,3,SCH,11,SCH11,G,113,28.67,9,16.434,25.1149,53,8,6.625,5.44,5,61
364,11,c,4,NUH,9,NUH5,G,99,16.33,6,11.128,26.4547,59,7,8.42857142857143,4.12,5,24
365,11,c,5,SSH,15,SSH1,G,92,22.33,7,13.425,28.7827,78,9,8.66666666666667,3.13,5,52
366,11,c,6,NPH,8,NPH11,G,99,16.00,11,9.467,26.8980,58,9,6.44444444444444,3.51,4.8,67
367,11,c,1,PWL,10,PWL6,G,99,21.67,8,10.435,31.3985,64,8,8,3.47,4.4,52
368,11,c,2,SHL,13,SHL2,F,99,19.33,10,10.909,28.9662,66,8,8.25,3.56,4.4,55
369,11,c,3,ERL2,3,ERL23,F,113,26.33,9,19.498,23.3211,59,7,8.42857142857143,4.44,5,19
370,11,c,4,MHL,5,MHL2,F,92,20.67,7,12.221,29.7802,61,9,6.77777777777778,3.41,5,67
371,11,c,5,SHL2,14,SHL210,F,92,20.00,9,11.272,29.9444,60,8,7.5,3.32,5,63
372,11,c,6,NBL,7,NBL14,F,92,18.00,6,9.141,28.0637,62,7,8.85714285714286,3.51,4.8,52
373,11,he,1,NPH,8,NPH11,G,121,27.00,14,18.118,36.5329,85,9,9.44444444444444,3.86,5,46
374,11,he,2,SCH,11,SCH11,G,113,35.33,15,24.692,36.0133,75,8,9.375,4.86,4.8,30
375,11,he,3,NUH,9,NUH5,G,105,18.00,5,10.233,38.3653,54,7,7.71428571428571,3.13,n/a,n/a
376,11,he,4,SSH,15,SSH1,G,105,32.33,11,19.243,39.9611,88,10,8.8,3.39,4.8,44
377,11,he,5,SCH,11,SCH7,F,121,35.00,13,21.306,35.5107,76,9,8.44444444444444,4.27,5,17
378,11,he,6,SSH,15,SSH11,G,99,19.33,6,12.128,33.4918,61,9,6.77777777777778,2.54,5,58
379,11,he,1,ERL2,3,ERL23,F,121,32.00,12,15.492,39.4212,75,8,9.375,4.64,4.6,10
380,11,he,2,NBL,7,NBL14,F,105,18.33,10,13.715,41.4182,70,8,8.75,2.50,4.8,56
381,11,he,3,SHL,13,SHL2,F,113,24.33,13,19.378,37.7891,68,6,11.3333333333333,2.62,4.8,37
382,11,he,4,SHL2,14,SHL210,F,113,26.00,14,15.861,41.9561,86,10,8.6,2.61,4.8,31
383,11,he,5,PWL,10,PWL6,G,121,24.00,13,11.571,44.1056,67,8,8.375,2.81,4.8,32
384,11,he,6,MHL,5,MHL2,F,99,21.67,9,13.144,32.0112,55,8,6.875,2.19,4.8,62
385,11,ho,1,SSH,15,SSH1,G,105,30.67,10,13.302,30.4827,72,9,8,3.73,5,69
386,11,ho,2,SSH,15,SSH11,G,99,29.33,8,14.728,74.6262,64,9,7.11111111111111,2.76,5,76
387,11,ho,3,NUH,9,NUH5,G,105,23.67,3,12.443,28.4489,62,8,7.75,n/a,n/a,4
388,11,ho,4,SCH,11,SCH7,F,113,33.00,9,23.369,37.1963087248322,64,9,7.11111111111111,3.52,4.6,55
389,11,ho,5,SCH,11,SCH11,G,113,34.00,14,22.682,29.6374,71,9,7.88888888888889,4.37,5,62
390,11,ho,6,NPH,8,NPH11,G,105,24.33,7,13.045,29.8726,97,10,9.7,n/a,5,50
391,11,ho,1,SHL,13,SHL2,F,105,26.00,8,13.226,31.5000,67,8,8.375,4.12,5,fehlt
392,11,ho,2,MHL,5,MHL2,F,99,28.00,10,18.225,37.3652,63,9,7,n/a,5,64
393,11,ho,3,ERL2,3,ERL23,F,121,30.67,9,21.351,28.3109,81,8,10.125,4.11,4.6,23
394,11,ho,4,SHL2,14,SHL210,F,105,26.67,11,15.547,37.8911,70,9,7.77777777777778,2.43,4.8,58
395,11,ho,5,PWL,10,PWL6,G,113,26.67,10,16.365,34.0687,67,8,8.375,n/a,n/a,n/a
396,11,ho,6,NBL,7,NBL14,F,99,23.67,8,10.745,30.4243,57,9,6.33333333333333,2.13,5,72
397,12,c,1,SCH,11,SCH13,G,105,25.33,7,12.504,20.5644,64,10,6.4,3.41,4.8,81
398,12,c,2,NUH,9,NUH3,G,92,15.33,8,8.589,28.8435,76,11,6.90909090909091,1.88,4.6,66
399,12,c,3,SCH,11,SCH2,F,105,21.67,9,12.877,23.3795,60,10,6,3.74,4.8,85
400,12,c,4,SCH,11,SCH17,G,105,24.00,7,16.227,22.1017,61,11,5.54545454545455,3.63,4.8,134
401,12,c,5,ILH,4,ILH8,G,92,17.67,9,10.281,28.3771,66,10,6.6,1.88,4.8,72
402,12,c,6,SCH,11,SCH4,F,105,21.67,5,13,24.5000,53,10,5.3,3.34,4.8,152
403,12,c,1,MLL,6,MLL1,G,99,18.67,9,12.762,27.9502,71,9,7.88888888888889,2.74,4.6,76
405,12,c,3,MHL,5,MHL18,F,99,19.67,7,11.988,25.7266,58,10,5.8,2.05,4.6,76
406,12,c,4,PWL,10,PWL4,G,99,16.00,3,10.571,24.1599,50,10,5,2.26,4.8,92
407,12,c,5,MHL,5,MHL1,F,99,18.67,8,n/a,n/a,68,10,6.8,2.58,4.8,65
408,12,c,6,MHL,5,MHL16,F,99,21.67,9,14.096,27.0112,78,10,7.8,2.44,4.4,105
409,12,he,1,NUH,9,NUH3,G,99,25.67,21,15.701,34.1899,88,11,8,2.35,4.8,103
410,12,he,2,SCH,11,SCH4,F,n/a,17.33,9,23.508,46.8161,60,6,10,1.16,4.6,16
411,12,he,3,SCH,11,SCH17,G,113,35.67,19,18.661,37.8653,83,12,6.91666666666667,3.72,4.8,76
412,12,he,4,SCH,11,SCH13,G,113,36.67,12,17.793,31.2708,88,11,8,3.43,5,72
413,12,he,5,SCH,11,SCH2,F,113,31.33,16,17.682,25.7067,51,10,5.1,3.72,4.8,139
414,12,he,6,ILH,4,ILH8,G,113,28.00,20,16.325,39.0553,83,10,8.3,2.26,4.6,40
415,12,he,1,PWL,10,PWL4,G,113,33.67,14,15.441,36.7300,73,10,7.3,2.98,5,80
416,12,he,2,MLL,6,MLL1,G,121,27.67,15,16.941,39.8100,93,11,8.45454545454546,2.95,4.8,76
417,12,he,3,MHL,5,MHL18,F,105,23.33,12,17.67,42.8943,68,8,8.5,1.83,4.8,45
418,12,he,4,MHL,5,MHL1,F,105,21.67,15,12.866,27.7930,72,10,7.2,2.58,5,110
420,12,he,6,MHL,5,MHL16,F,105,14.67,16,15.828,44.6792,84,9,9.33333333333333,2.21,5,38
421,12,ho,1,SCH,11,SCH4,F,105,32.67,12,17.169,26.5978,76,11,6.90909090909091,4.48,4.6,38
422,12,ho,2,SCH,11,SCH17,G,113,32.67,17,20.244,30.5390,73,10,7.3,3.23,4.6,83
423,12,ho,3,ILH,4,ILH8,G,99,28.00,10,15.377,37.8790,75,10,7.5,2.36,5,74
424,12,ho,4,NUH,9,NUH3,G,92,21.00,13,12.362,28.0625,80,11,7.27272727272727,2.42,4.8,38
425,12,ho,5,SCH,11,SCH2,F,113,35.00,17,18.54,29.0943,78,9,8.66666666666667,3.33,4.8,85
426,12,ho,6,SCH,11,SCH13,G,121,31.33,19,19.715,31.0605,70,9,7.77777777777778,2.53,5,75
427,12,ho,1,WKL,16,WKL9,F,105,29.33,10,15.035,30.8394,77,9,8.55555555555556,2.15,4.8,84
428,12,ho,2,MHL,5,MHL18,F,99,32.00,8,14.584,43.3007,68,9,7.55555555555556,2.29,5,59
429,12,ho,3,MHL,5,MHL1,F,105,23.67,7,12.886,28.1901,58,10,5.8,1.88,4.8,45
430,12,ho,4,MHL,5,MHL16,F,105,14.00,11,12.48,37.4050,70,9,7.77777777777778,2.03,5,42
431,12,ho,5,PWL,10,PWL4,G,113,25.67,9,18.886,30.7628,70,9,7.77777777777778,2.43,4.8,67
432,12,ho,6,MLL,6,MLL1,G,105,28.67,14,20.808,45.0657,85,11,7.72727272727273,3.29,5,58
433,13,c,1,SCH,11,SCH17,G,99,27.33,10,13.574,20.1807,64,10,6.4,3.91,4.6,126
434,13,c,2,ERH,1,ERH18,F,105,27.33,7,17.394,38.8800,84,10,8.4,3.56,5,76
435,13,c,3,NPH,8,NPH11,G,92,21.00,9,12.007,33.0493,86,10,n/a,2.84,n/a,91
436,13,c,4,ERH,1,ERH11,F,105,23.33,9,10.349,25.6369,56,9,n/a,3.03,n/a,95
437,13,c,5,NPH,8,NPH6,G,105,17.33,5,8.407,20.0506,n/a,n/a,n/a,2.08,n/a,90
438,13,c,6,ILH,4,ILH1,G,92,19.33,7,10.163,33.1134,80,11,n/a,2.50,n/a,83
439,13,c,1,ERL,2,ERL2,G,113,20.33,6,12.173,23.7810,45,10,n/a,3.35,n/a,70
440,13,c,2,NBL,7,NBL16,F,92,18.00,8,11.187,25.3769,64,10,n/a,2.01,n/a,66
441,13,c,3,MHL,5,MHL17,F,99,21.00,6,11.48,25.9393,n/a,n/a,n/a,2.08,n/a,87
442,13,c,4,PWL,10,PWL10,G,99,15.67,4,8.655,14.9536,n/a,n/a,n/a,1.73,n/a,88
443,13,c,5,SHL,13,SHL18,G,99,19.67,7,n/a,n/a,70,11,n/a,2.68,n/a,126
444,13,c,6,SHL,13,SHL13,G,92,19.67,6,10.157,36.6063,71,11,6.45454545454545,2.51,4.8,103
445,13,he,1,NPH,8,NPH11,G,99,23.33,15,13.968,42.5191,71,10,7.1,2.45,4.8,109
446,13,he,2,SCH,11,SCH17,G,113,34.33,13,21.505,36.1789,75,12,6.25,3.45,4.8,124
447,13,he,3,ERH,1,ERH11,F,113,32.00,10,15.977,35.6850,81,9,9,2.52,4.6,54
448,13,he,4,ERH,1,ERH18,F,105,25.00,9,16.98,28.7837,74,10,7.4,3.39,5,93
449,13,he,5,NPH,8,NPH6,G,113,26.33,16,15.416,40.6542,75,10,7.5,2.43,4.8,80
450,13,he,6,ILH,4,ILH1,G,113,30.00,15,16.158,38.9701,94,10,9.4,2.40,5,88
451,13,he,1,MHL,5,MHL17,F,105,28.33,15,18.395,28.9781,79,9,8.77777777777778,2.21,5,114
452,13,he,2,PWL,10,PWL10,G,121,26.00,9,16.386,34.7449,n/a,n/a,n/a,2.58,4.8,79
453,13,he,3,NBL,7,NBL16,F,99,17.67,9,13.153,28.3326,n/a,n/a,n/a,2.15,n/a,89
454,13,he,4,SHL,13,SHL13,G,99,26.33,12,16.94,33.1180,95,10,9.5,2.34,5,83
455,13,he,5,SHL,13,SHL18,G,121,26.33,13,16.425,40.1516,90,11,8.18181818181818,2.29,4.8,72
456,13,he,6,ERL,2,ERL2,G,113,31.00,11,17.727,38.6769,86,11,7.81818181818182,3.22,4.4,102
457,13,ho,1,SCH,11,SCH17,G,121,33.33,11,20.331,27.7988,n/a,n/a,n/a,3.03,n/a,101
458,13,ho,2,ERH,1,ERH18,F,113,30.67,7,21.043,37.2061,n/a,n/a,n/a,3.39,n/a,57
459,13,ho,3,NPH,8,NPH6,G,105,26.33,11,6.844,45.1475,n/a,n/a,n/a,2.21,n/a,92
460,13,ho,4,NPH,8,NPH11,G,99,22.33,12,13.604,34.0554,n/a,n/a,n/a,1.82,n/a,37
461,13,ho,5,ERH,1,ERH11,F,113,33.00,12,17.355,35.9813,n/a,n/a,n/a,2.74,n/a,57
462,13,ho,6,ILH,4,ILH1,G,105,21.00,8,10.676,27.6947,n/a,n/a,n/a,1.77,n/a,93
463,13,ho,1,NBL,7,NBL16,F,99,22.00,12,12.76,28.7328,68,10,6.8,2.61,n/a,56
464,13,ho,2,SHL,13,SHL13,G,105,30.67,10,19.43,34.8807,n/a,n/a,n/a,2.66,n/a,74
465,13,ho,3,MHL,5,MHL17,F,105,29.67,11,15.324,29.9224,86,11,7.81818181818182,2.38,n/a,89
466,13,ho,4,ERL,2,ERL2,G,121,30.00,10,17.827,33.5759,n/a,n/a,n/a,2.57,n/a,99
467,13,ho,5,PWL,10,PWL10,G,113,25.33,13,17.744,33.3328,54,9,6,1.96,n/a,60
468,13,ho,6,SHL,13,SHL18,G,113,25.00,8,11.508,25.5621,55,10,5.5,4.00,n/a,71
469,14,c,1,SCH,11,SCH12,G,105,28.00,8,8.014,47.4494,72,11,6.54545454545455,4.15,4.4,107
470,14,c,2,SCH,11,SCH15,G,99,26.00,8,14.298,30.2140,67,12,5.58333333333333,4.03,4.8,123
471,14,c,3,SSH,15,SSH8,G,92,21.33,7,12.932,32.6979,62,10,6.2,2.72,5,111
472,14,c,4,ILH,4,ILH1,G,99,19.00,7,10.276,40.7784,60,10,6,2.04,5,92
474,14,c,6,SHH,12,SHH5,G,99,23.00,5,9.568,39.4070,56,9,6.22222222222222,2.13,5,79
475,14,c,1,ERL,2,ERL2,G,105,24.33,5,13.641,36.0747,55,10,5.5,3.29,4.8,114
476,14,c,2,MHL,5,MHL4,F,92,21.00,6,12.07,43.9060,67,10,6.7,2.80,5,105
477,14,c,3,NBL,7,NBL19,F,99,20.00,4,9.278,53.8740,66,10,6.6,2.30,4.8,79
478,14,c,4,SHL,13,SHL14,G,99,17.33,4,6.506,48.3725,64,11,5.81818181818182,2.65,5,79
479,14,c,5,MLL,6,MLL6,G,99,21.67,7,12.251,31.1198,69,10,6.9,n/a,5,104
480,14,c,6,SHL2,14,SHL218,F,99,15.67,5,9.274,36.6053,52,10,5.2,2.03,5,85
481,14,he,1,SSH,15,SSH8,G,105,28.67,11,16.674,41.7724,80,11,7.27272727272727,2.06,4.8,67
482,14,he,2,SCH,11,SCH12,G,113,41.33,12,21.573,40.0240,80,10,8,2.72,4.4,90
483,14,he,3,SCH,11,SCH1,F,105,31.33,17,19.684,40.0942,73,10,7.3,2.45,5,107
484,14,he,4,SHH,12,SHH5,G,105,26.33,18,17.961,36.3302,65,10,6.5,2.06,5,91
485,14,he,5,ILH,4,ILH1,G,113,27.00,19,20.617,43.9102,86,10,8.6,2.29,5,77
486,14,he,6,SCH,11,SCH15,G,113,33.67,15,16.21,36.8054,68,10,6.8,3.51,4.8,144
487,14,he,1,ERL,2,ERL2,G,113,33.67,9,17.67,40.1670,71,10,7.1,2.99,4.8,94
488,14,he,2,SHL2,14,SHL218,F,121,33.00,16,18.693,41.4855,84,9,9.33333333333333,2.28,5,66
489,14,he,3,MHL,5,MHL4,F,105,29.33,19,19.91,46.6851,82,9,9.11111111111111,1.97,4.8,70
490,14,he,4,MLL,6,MLL6,G,113,25.67,18,19.368,39.7635,73,10,7.3,2.27,5,67
491,14,he,5,NBL,7,NBL19,F,113,21.67,13,10.932,43.1982,75,10,7.5,1.96,5,66
492,14,he,6,SHL,13,SHL14,G,113,27.67,6,16.254,31.2443,64,10,6.4,2.34,5,90
493,14,ho,1,SCH,11,SCH1,F,121,37.67,13,19.183,38.1981,n/a,n/a,n/a,n/a,4.8,112
494,14,ho,2,SHH,12,SHH5,G,113,29.67,19,16.194,38.7670,n/a,n/a,n/a,n/a,5,88
495,14,ho,3,SCH,11,SCH12,G,113,35.00,15,18.193,29.8681,n/a,n/a,n/a,n/a,n/a,127
496,14,ho,4,SSH,15,SSH8,G,105,34.00,12,7.757,56.6500,n/a,n/a,n/a,n/a,4.8,117
497,14,ho,5,SCH,11,SCH15,G,113,35.00,19,19.649,33.6054,n/a,n/a,n/a,3.03,4.8,94
498,14,ho,6,ILH,4,ILH1,G,105,22.00,6,10.925,30.4171,n/a,n/a,n/a,n/a,n/a,96
499,14,ho,1,NBL,7,NBL19,F,113,30.33,13,17.961,39.4152,n/a,n/a,n/a,n/a,5,69
500,14,ho,2,SHL2,14,SHL218,F,113,30.00,11,15.013,33.8568588469185,n/a,n/a,n/a,n/a,5,56
501,14,ho,3,SHL,13,SHL14,G,121,30.67,11,14.76,39.2423,n/a,n/a,n/a,n/a,5,63
502,14,ho,4,MHL,5,MHL4,F,113,30.67,14,21.583,53.5502,n/a,n/a,n/a,n/a,5,73
503,14,ho,5,ERL,2,ERL2,G,121,31.00,9,16.285,32.7005,n/a,n/a,n/a,n/a,4.8,82
504,14,ho,6,MLL,6,MLL6,G,99,20.67,13,11.459,33.8930,n/a,n/a,n/a,n/a,5,84
505,15,c,1,SCH,11,SCH16,G,113,33.33,11,15.41,27.1155,76,11,6.90909090909091,4.14,4.6,138
506,15,c,2,ERH,1,ERH19,F,99,21.00,8,14.534,23.3333,63,10,6.3,n/a,4.4,91
507,15,c,3,ILH,4,ILH8,G,92,18.00,7,9.375,26.8485,58,9,6.44444444444444,2.30,5,44
508,15,c,4,SCH,11,SCH12,G,113,26.00,9,13.296,20.0017,54,9,6,3.97,5,87
510,15,c,6,ERH,1,ERH16,F,105,21.67,6,10.597,19.4545,39,10,3.9,2.86,4.8,71
511,15,c,1,NBL,7,NBL19,F,99,20.67,9,10.115,25.8912,71,10,7.1,2.42,5,88
512,15,c,2,NBL,7,NBL2,F,99,19.00,7,11.787,24.1595,64,10,6.4,1.94,5,83
513,15,c,3,NBL,7,NBL12,F,99,20.00,8,12.143,23.2961,57,9,6.33333333333333,2.38,4.8,80
514,15,c,4,PWL,10,PWL4,G,99,18.00,8,8.378,29.5593,59,9,6.55555555555556,2.54,5,97
515,15,c,5,NBL,7,NBL5,F,99,22.00,11,12.53,24.8170,58,9,6.44444444444444,n/a,n/a,n/a
516,15,c,6,WKL,16,WKL12,F,99,19.33,4,10.817,22.5289,57,10,5.7,1.98,5,98
517,15,he,1,SCH,11,SCH16,G,113,40.33,17,23.66,30.0024,74,9,8.22222222222222,n/a,4.6,51
518,15,he,2,ERH,1,ERH13,F,113,31.33,20,17.546,38.8120,59,9,6.55555555555556,2.63,4.6,66
519,15,he,3,ERH,1,ERH16,F,113,29.33,9,17.129,34.6253,65,9,7.22222222222222,2.61,4.8,73
520,15,he,4,ERH,1,ERH19,F,105,28.33,11,18.835,31.6024,61,8,7.625,2.65,5,65
521,15,he,5,SCH,11,SCH12,G,127,33.33,12,22.344,32.4363,75,9,8.33333333333333,3.85,4.6,41
522,15,he,6,ILH,4,ILH8,G,105,23.33,10,12.741,28.8867,69,10,6.9,1.90,5,73
523,15,he,1,WKL,16,WKL12,F,127,28.67,21,21.733,33.1261,78,9,8.66666666666667,2.07,4.6,56
524,15,he,2,NBL,7,NBL5,F,113,29.33,23,15.742,36.5431,79,9,8.77777777777778,2.64,5,39
525,15,he,3,NBL,7,NBL2,F,113,27.00,13,16.142,34.6383,77,9,8.55555555555556,2.10,3.8,63
526,15,he,4,NBL,7,NBL12,F,113,25.33,12,16.056,32.6787,76,9,8.44444444444444,2.95,5,65
527,15,he,5,PWL,10,PWL4,G,105,29.67,11,13.496,32.1996,70,9,7.77777777777778,2.54,n/a,n/a
528,15,he,6,NBL,7,NBL19,F,99,22.33,9,12.593,31.9733,55,9,6.11111111111111,2.20,5,77
529,15,ho,1,SCH,11,SCH12,G,127,44.67,15,23.475,33.6509,68,9,7.55555555555556,n/a,n/a,n/a
530,15,ho,2,ERH,1,ERH13,F,105,31.00,13,18.711,35.5362,66,9,7.33333333333333,n/a,4,66
531,15,ho,3,ERH,1,ERH19,F,105,27.00,13,15.705,32.4503,69,9,7.66666666666667,n/a,4.6,79
532,15,ho,4,SCH,11,SCH16,G,113,38.67,13,27.345,28.6691,70,9,7.77777777777778,3.34,4.25,81
533,15,ho,5,ILH,4,ILH8,G,99,29.33,20,19.58,32.7225,78,9,8.66666666666667,2.56,5,66
534,15,ho,6,ERH,1,ERH16,F,105,29.00,7,17.688,26.5375,54,10,5.4,3.20,4.8,98
535,15,ho,1,NBL,7,NBL5,F,113,27.00,12,15.868,33.5485,77,9,8.55555555555556,n/a,4.6,38
536,15,ho,2,NBL,7,NBL12,F,105,21.00,11,13.314,30.3627,76,10,7.6,n/a,5,59
537,15,ho,3,WKL,16,WKL12,F,105,25.67,13,18.579,38.7227,79,10,7.9,n/a,5,72
538,15,ho,4,NBL,7,NBL2,F,105,24.00,15,13.724,33.3299,72,8,9,n/a,5,71
539,15,ho,5,PWL,10,PWL4,G,113,26.00,10,15.238,35.0911,76,11,6.90909090909091,2.90,5,91
540,15,ho,6,NBL,7,NBL19,F,105,23.67,10,12.53,23.4622,57,10,5.7,2.57,4.8,99
541,16,c,1,SCH,11,SCH16,G,113,29.00,8,16.889,27.4752,66,11,6,3.89,4.6,86
542,16,c,2,ERH,1,ERH16,F,105,24.33,10,10.971,33.4972,55,9,6.11111111111111,3.08,4.8,68
543,16,c,3,ERH,1,ERH4,F,105,28.33,8,14.092,28.9094,66,9,7.33333333333333,3.18,4.2,86
544,16,c,4,SCH,11,SCH1,F,105,24.33,12,13.938,23.6072,67,11,6.09090909090909,n/a,4.8,80
545,16,c,5,SSH,15,SSH10,G,105,19.00,10,10.821,32.8754,71,9,7.88888888888889,2.98,5,50
546,16,c,6,SSH,15,SSH5,G,92,19.67,9,10.927,26.7500,88,10,8.8,n/a,5,51
547,16,c,1,MLL,6,MLL2,G,92,19.67,14,11.197,32.0825,84,10,8.4,3.45,5,94
548,16,c,2,SHL,13,SHL12,G,105,19.33,7,10.981,29.3983,68,10,6.8,2.07,5,75
549,16,c,3,MHL,5,MHL4,F,99,22.00,11,11.693,33.1214,70,10,7,1.98,4.6,84
550,16,c,4,PWL,10,PWL5,G,105,21.00,10,11.877,26.9789,77,10,7.7,2.30,4.6,81
551,16,c,5,PWL,10,PWL1,G,99,20.67,8,12.036,27.9746,70,10,7,2.65,5,65
552,16,c,6,SHL2,14,SHL28,F,99,18.33,6,9.497,24.6497,54,9,6,1.61,5,64
553,16,he,1,SSH,15,SSH10,G,113,37.67,18,17.758,34.4556,84,10,8.4,2.86,4.8,100
554,16,he,2,SSH,15,SSH5,G,113,29.67,14,15.194,37.2984,96,9,10.6666666666667,2.95,5,86
555,16,he,3,ERH,1,ERH16,F,113,33.00,11,18.723,37.6172,n/a,n/a,n/a,2.85,4.8,73
556,16,he,4,SCH,11,SCH1,F,113,28.67,13,15.548,35.8960,61,11,5.54545454545455,2.78,4.4,68
557,16,he,5,ERH,1,ERH4,F,113,26.67,18,15.496,42.8893,77,10,7.7,3.24,4.2,83
558,16,he,6,SCH,11,SCH16,G,113,30.33,10,19.623,28.8110,63,11,5.72727272727273,3.42,4.4,88
559,16,he,1,MLL,6,MLL2,G,113,26.33,18,19.098,40.0828,83,10,8.3,2.99,5,91
560,16,he,2,SHL2,14,SHL28,F,121,31.67,17,15.959,35.6160,79,10,7.9,2.40,5,44
561,16,he,3,SHL,13,SHL12,G,121,28.67,11,14.897,34.0734,79,11,7.18181818181818,2.84,4.4,68
562,16,he,4,MHL,5,MHL4,F,105,28.67,16,15.75,42.8635,80,10,8,2.82,5,93
563,16,he,5,PWL,10,PWL1,G,121,24.00,13,15.859,32.3977,73,10,7.3,2.43,5,82
564,16,he,6,PWL,10,PWL5,G,113,22.00,6,12.811,22.3826,71,9,7.88888888888889,2.66,4.8,65
565,16,ho,1,SCH,11,SCH1,F,113,26.00,15,14.725,42.4932,71,11,6.45454545454545,3.52,5,54
566,16,ho,2,SSH,15,SSH5,G,105,30.00,21,19.413,39.0594,78,10,7.8,2.55,5,74
567,16,ho,3,ERH,1,ERH16,F,113,29.67,8,14.794,30.5787,56,9,6.22222222222222,2.57,5,81
568,16,ho,4,SCH,11,SCH16,G,113,39.00,12,20.299,40.7739,74,10,7.4,3.49,4.8,71
569,16,ho,5,ERH,1,ERH4,F,121,29.67,18,19.272,38.1158,93,10,9.3,3.13,5,61
570,16,ho,6,SSH,15,SSH10,G,113,23.67,6,11.447,21.7099,47,10,4.7,n/a,5,53
571,16,ho,1,MHL,5,MHL4,F,99,30.33,13,17.81,39.6891,81,9,9,2.86,5,92
572,16,ho,2,PWL,10,PWL1,G,105,24.67,8,12.691,36.0535,63,9,7,3.25,5,73
573,16,ho,3,MLL,6,MLL2,G,99,29.67,16,19.58,36.3333,82,10,8.2,3.20,4.8,107
574,16,ho,4,PWL,10,PWL5,G,105,28.33,17,16.196,34.9319,67,9,7.44444444444444,2.65,5,77
575,16,ho,5,SHL,13,SHL12,G,105,26.33,9,13.956,34.6806,72,10,7.2,2.41,4.6,86
576,16,ho,6,SHL2,14,SHL28,F,113,23.00,5,11.608,27.0745,59,10,5.9,2.10,4.4,81
577,17,c,1,SSH,15,SSH6,G,92,19.00,6,7.764,38.2945,67,9,7.44444444444444,2.05,4.8,82
578,17,c,2,SCH,11,SCH19,G,113,20.67,4,15.225,32.5665,68,10,6.8,3.27,5,65
579,17,c,3,ERH,1,ERH17,F,113,24.67,5,16.109,40.6585,80,9,8.88888888888889,2.62,4.6,51
580,17,c,4,SCH,11,SCH17,G,105,20.00,8,15.943,47.6209,72,9,8,2.35,5,66
581,17,c,5,SCH,11,SCH8,F,113,28.33,11,17.14,36.0315,69,10,6.9,3.34,4.2,104
582,17,c,6,ERH,1,ERH10,F,105,20.00,5,13.86,32.9768,46,9,5.11111111111111,2.26,5,61
583,17,c,1,MHL,5,MHL11,F,92,18.00,4,9.989,36.2654,68,9,7.55555555555556,1.88,4.4,93
584,17,c,2,MHL,5,MHL8,F,92,23.67,8.5,14.76,42.8746,76,8,9.5,2.15,5,70
585,17,c,3,SHL,13,SHL12,G,99,18.33,5,9.38,31.4432,72,10,7.2,2.26,5,83
586,17,c,4,SHL2,14,SHL218,F,99,23.00,8,9.225,60.7822,69,10,6.9,2.63,5,96
587,17,c,5,SHL2,14,SHL21,F,105,19.67,10,11.024,32.9034,67,9,7.44444444444444,2.17,5,80
588,17,c,6,ERL,2,ERL1,G,113,20.33,10,10.432,31.9172,62,9,6.88888888888889,2.83,5,72
589,17,he,1,SSH,15,SSH6,G,113,31.00,9,17.605,44.7435,78,9,8.66666666666667,2.55,5,74
590,17,he,2,SCH,11,SCH17,G,121,26.00,9,20.622,57.3953,105,11,9.54545454545454,3.20,5,69
591,17,he,3,ERH,1,ERH17,F,113,30.00,11,22.471,49.9382,n/a,n/a,n/a,n/a,4.8,73
592,17,he,4,ERH,1,ERH10,F,113,29.67,6,16.72,62.9485,n/a,n/a,n/a,n/a,4.6,41
593,17,he,5,SCH,11,SCH8,F,121,34.00,11,21.531,45.5126,n/a,n/a,n/a,n/a,4,79
594,17,he,6,SCH,11,SCH19,G,113,19.00,9,9.936,33.7355,n/a,n/a,n/a,n/a,4.6,60
595,17,he,1,SHL,13,SHL12,G,113,31.67,11,16.72,45.2527,69,10,6.9,2.60,5,71
596,17,he,2,SHL2,14,SHL218,F,121,30.33,10,10.205,47.4409,85,11,7.72727272727273,2.35,5,81
597,17,he,3,ERL,2,ERL1,G,121,28.00,10,18.598,50.1385,70,7,10,2.63,5,n/a
598,17,he,4,MHL,5,MHL8,F,105,23.00,12,9.1,50.5565,100,10,10,2.04,5,n/a
599,17,he,5,SHL2,14,SHL21,F,121,27.33,8,23.085,47.1704,n/a,n/a,n/a,n/a,4.8,77
600,17,he,6,MHL,5,MHL11,F,105,17.83,6,10.309,36.2987,n/a,n/a,n/a,n/a,5,63
601,17,ho,1,SCH,11,SCH8,F,121,37.00,10,23.603,36.8472,n/a,n/a,n/a,n/a,4.2,63
602,17,ho,2,SCH,11,SCH17,G,113,34.67,12,22.083,41.8291,n/a,n/a,n/a,n/a,4.8,72
603,17,ho,3,SSH,15,SSH6,G,105,30.00,8,13.866,35.9898,78,8,9.75,1.63,5,66
604,17,ho,4,ERH,1,ERH10,F,113,30.00,8,17.177,48.6483,n/a,n/a,n/a,n/a,n/a,n/a
605,17,ho,5,ERH,1,ERH17,F,113,27.67,6,20.951,41.5079,n/a,n/a,n/a,2.31,5,86
606,17,ho,6,SCH,11,SCH19,G,105,24.83,7,9.972,37.5721,76,9,8.44444444444444,1.94,4.8,92
607,17,ho,1,ERL,2,ERL1,G,121,30.00,11,14.629,41.4505,n/a,n/a,n/a,2.57,5,59
608,17,ho,2,SHL,13,SHL12,G,105,28.00,8,16.088,35.7126,n/a,n/a,n/a,2.03,4.8,69
610,17,ho,4,SHL2,14,SHL21,F,113,27.00,13,19.205,38.6775,n/a,n/a,n/a,1.94,5,71
611,17,ho,5,SHL2,14,SHL218,F,113,28.00,11,15.804,35.5010,n/a,n/a,n/a,n/a,5,78
612,17,ho,6,MHL,5,MHL11,F,99,21.33,6,11.844,38.5171,n/a,n/a,n/a,n/a,5,62
613,18,c,1,SCH,11,SCH6,F,113,31.00,11,16.243,26.3496,70,11,n/a,3.89,n/a,104
614,18,c,2,ERH,1,ERH7,F,105,26.33,10,14.141,26.4053,n/a,n/a,n/a,2.44,n/a,77
615,18,c,3,NPH,8,NPH12,G,92,20.00,8,12.271,26.0974,n/a,n/a,n/a,1.98,n/a,69
616,18,c,4,ERH,1,ERH13,F,105,30.00,6,14.001,33.2895,n/a,n/a,n/a,2.77,n/a,86
617,18,c,5,SHH,12,SHH1,G,99,20.33,10,10.759,31.3729,67,9,7.44444444444444,2.23,n/a,77
618,18,c,6,SSH,15,SSH1,G,99,18.33,7,11.237,26.1919,66,9,n/a,2.27,n/a,75
619,18,c,1,SHL,13,SHL13,G,113,22.00,8,9.799,36.9467,87,10,n/a,2.27,n/a,62
620,18,c,2,SHL2,14,SHL217,F,99,20.00,10,10.711,34.2015,69,10,n/a,1.98,n/a,54
621,18,c,3,SHL2,14,SHL26,F,92,19.00,12,10.407,34.6842,65,9,7.22222222222222,2.06,n/a,84
622,18,c,4,SHL2,14,SHL216,F,121,28.67,9,14.402,44.9559,79,10,7.9,2.98,5,79
623,18,c,5,NBL,7,NBL17,F,99,20.00,7,n/a,n/a,67,10,n/a,2.27,n/a,64
624,18,c,6,ERL,2,ERL2,G,113,16.00,6,12.795,26.3918367346939,n/a,n/a,n/a,n/a,n/a,n/a
625,18,he,1,ERH,1,ERH7,F,105,34.00,9,17.918,32.4309,69,10,6.9,2.65,4.2,69
626,18,he,2,ERH,1,ERH13,F,113,30.00,17,12.982,43.4407,76,11,n/a,2.46,n/a,71
627,18,he,3,SSH,15,SSH1,G,105,23.67,14,16.891,38.4500,74,10,n/a,2.10,n/a,67
628,18,he,4,SHH,12,SHH1,G,113,22.67,17,17.278,34.0370,80,10,n/a,2.54,n/a,78
629,18,he,5,NPH,8,NPH12,G,105,21.33,25,16.33,41.0453,96,10,9.6,2.16,4.8,71
630,18,he,6,SCH,11,SCH6,F,113,31.00,12,19.961,25.2493,n/a,n/a,n/a,3.16,n/a,142
631,18,he,1,SHL2,14,SHL216,F,113,32.67,14,18.1,36.5187,64,9,7.11111111111111,2.25,4.8,56
632,18,he,2,SHL,13,SHL13,G,99,28.67,20,14.922,31.3333,75,11,n/a,2.68,n/a,82
633,18,he,3,SHL2,14,SHL217,F,121,30.67,15,13.652,34.0231,79,11,7.18181818181818,2.53,5,59
634,18,he,4,NBL,7,NBL17,F,105,25.00,13,10.702,39.1878,80,9,n/a,2.38,n/a,62
635,18,he,5,ERL,2,ERL2,G,113,27.33,17,17.704,31.6716,70,9,n/a,2.75,n/a,60
636,18,he,6,SHL2,14,SHL26,F,99,22.33,12,12.356,26.1843,61,10,n/a,2.80,n/a,115
637,18,ho,1,SHH,12,SHH1,G,105,24.67,15,15.793,36.8123,67,na,n/a,2.43,n/a,95
640,18,ho,4,SSH,15,SSH1,G,105,29.00,16,11.548,41.4470,80,11,7.27272727272727,2.32,5,98
641,18,ho,5,NPH,8,NPH12,G,99,24.33,21,12.401,37.1875,82,10,8.2,1.99,5,99
642,18,ho,6,SCH,11,SCH6,F,113,27.67,10,16.946,20.1218,46,9,n/a,3.16,n/a,111
643,18,ho,1,NBL,7,NBL17,F,105,21.00,13,11.447,37.8074,79,9,8.77777777777778,2.15,4.6,61
644,18,ho,2,SHL,13,SHL13,G,105,29.33,11,14.532,36.3275,82,10,8.2,2.33,5,75
645,18,ho,3,SHL2,14,SHL217,F,113,27.00,13,11.193,38.6021,84,10,8.4,2.73,5,107
646,18,ho,4,SHL2,14,SHL26,F,121,26.00,14,15.559,34.7494,62,11,n/a,2.29,n/a,81
647,18,ho,5,ERL,2,ERL2,G,113,31.33,14,16.641,27.8100,44,10,n/a,2.56,n/a,104
648,18,ho,6,SHL2,14,SHL216,F,105,22.33,10,11.791,31.3214,66,10,n/a,2.11,n/a,73
649,19,c,1,SHH,12,SHH3,G,99,23.00,10,11.726,38.5041,67,11,6.09090909090909,3.15,n/a,n/a
650,19,c,2,ILH,4,ILH5,G,99,20.67,6,9.787,42.1038,66,10,n/a,2.21,n/a,100
651,19,c,3,SCH,11,SCH17,G,113,27.00,7,16.699,29.0463,63,12,5.25,3.37,4.2,95
652,19,c,4,SCH,11,SCH16,G,113,29.00,9,8.631,55.3152,68,12,n/a,3.29,n/a,107
653,19,c,5,ERH,1,ERH18,F,105,26.67,6,16.453,33.2651,81,10,n/a,3.45,n/a,101
654,19,c,6,NPH,8,NPH11,G,99,18.00,4,11.597,28.8614,66,10,n/a,2.09,n/a,84
655,19,c,1,NBL,7,NBL11,F,105,19.67,6,11.346,36.9103,59,10,n/a,2.14,n/a,67
656,19,c,2,SHL,13,SHL18,G,99,19.00,4,12.7,28.7383,67,10,n/a,2.37,n/a,91
657,19,c,3,SHL,13,SHL14,G,99,19.33,4,10.204,35.5355,74,12,6.16666666666667,2.75,5,68
658,19,c,4,PWL,10,PWL5,G,99,21.33,4,11.979,34.2708,73,10,n/a,2.60,n/a,94
659,19,c,5,ERL,2,ERL3,G,105,22.33,5,14.947,31.0444,58,9,n/a,3.47,n/a,83
661,19,he,1,SCH,11,SCH16,G,121,36.67,15,27.164,50.0407,78,10,7.8,3.25,4.8,49
662,19,he,2,ILH,4,ILH5,G,113,27.67,15,17.729,47.3888,65,8,8.125,2.06,5,85
663,19,he,3,ERH,1,ERH18,F,121,31.67,7,19.177,50.3221153846154,82,8,10.25,3.33,4,48
664,19,he,4,NPH,8,NPH11,G,105,26.00,16,18.702,56.9298,92,10,9.2,2.55,5,85
665,19,he,5,SHH,12,SHH3,G,105,28.33,21,19.945,50.8732,70,8,8.75,2.01,5,67
666,19,he,6,SCH,11,SCH17,G,121,29.00,9,17.983,38.0612,65,8,8.125,3.25,4.4,75
667,19,he,1,SHL,13,SHL18,G,121,29.67,10,15.014,39.8995,82,8,10.25,2.46,5,78
668,19,he,2,MHL,5,MHL3,F,113,28.33,13,19.932,38.0605,65,9,7.22222222222222,2.27,5,68
669,19,he,3,PWL,10,PWL5,G,121,29.00,16,13.12,42.1268,71,8,8.875,2.67,4.8,89
670,19,he,4,NBL,7,NBL11,F,113,25.67,13,18.828,38.9939,78,8,9.75,2.29,5,75
671,19,he,5,SHL,13,SHL14,G,113,29.00,11,15.629,41.1925601750547,75,8,9.375,2.52,5,69
672,19,he,6,ERL,2,ERL3,G,113,27.00,8,13.232,29.6684,54,10,5.4,2.82,4.2,70
673,19,ho,1,ILH,4,ILH5,G,99,31.00,11,17.434,37.1474,n/a,n/a,n/a,n/a,5,61
675,19,ho,3,SHH,12,SHH3,G,113,22.67,19,19.82,43.8231,70,9,7.77777777777778,2.62,4.6,45
676,19,ho,4,NPH,8,NPH11,G,105,28.33,18,16.31,37.2075,73,10,7.3,2.40,4.8,84
677,19,ho,5,SCH,11,SCH17,G,113,30.67,11,21.426,36.4172,n/a,n/a,n/a,n/a,5,77
678,19,ho,6,ERH,1,ERH18,F,105,32.67,14,21.909,49.4476,n/a,n/a,n/a,n/a,4.8,58
679,19,ho,1,SHL,13,SHL14,G,121,24.67,12,13.681,43.3624,n/a,n/a,n/a,n/a,5,66
680,19,ho,2,NBL,7,NBL11,F,113,26.67,14,14.964,40.9183,n/a,n/a,n/a,n/a,5,48
681,19,ho,3,SHL,13,SHL18,G,121,30.33,13,18.178,32.0962,n/a,n/a,n/a,2.53,4,58
682,19,ho,4,MHL,5,MHL3,F,113,27.00,17,17.986,38.3064,n/a,n/a,n/a,2.22,4.8,71
683,19,ho,5,PWL,10,PWL5,G,105,25.00,14,19.205,33.2997,72,9,8,3.02,5,75
684,19,ho,6,ERL,2,ERL3,G,113,26.67,8,16.706,38.0121,n/a,n/a,n/a,2.82,n/a,46
685,20,c,1,ILH,4,ILH10,G,99,18.33,9,8.777,36.0386,64,9,7.11111111111111,2.79,4.4,56
686,20,c,2,ERH,1,ERH9,F,105,27.67,9,18.044,29.5577,67,8,8.375,3.99,3.4,42
687,20,c,3,NPH,8,NPH4,G,99,21.00,10,10.368,36.3754,72,8,9,3.26,5,52
688,20,c,4,SCH,11,SCH10,F,113,24.67,8,13.141,27.2080,62,10,6.2,4.14,3.8,47
689,20,c,5,NPH,8,NPH6,G,113,24.67,11,17.345,26.4059,69,8,8.625,3.33,5,43
690,20,c,6,ERH,1,ERH18,F,105,26.33,11,13.416,29.0450,64,9,7.11111111111111,4.24,3.8,24
691,20,c,1,MHL,5,MHL8,F,99,22.67,11,14.647,29.3384,85,9,9.44444444444444,3.57,n/a,n/a
692,20,c,2,MHL,5,MHL11,F,99,24.00,9,11.478,25.0690,65,8,8.125,2.55,5,54
693,20,c,3,MHL,5,MHL3,F,99,19.67,11,14.401,28.6861,60,8,7.5,2.94,5,64
694,20,c,4,ERL,2,ERL2,G,121,24.00,8,15.371,25.2767,49,8,6.125,4.34,n/a,n/a
695,20,c,5,PWL,10,PWL9,G,121,22.33,7,9.233,34.2969,65,8,8.125,3.54,4.6,49
696,20,c,6,MHL,5,MHL4,F,92,19.00,6,10.204,31.0127,54,8,6.75,2.33,5,49
697,20,he,1,ERH,1,ERH18,F,105,33.67,11,18.86,44.9007,78,10,7.8,3.87,4.8,40
698,20,he,2,NPH,8,NPH4,G,113,31.00,19,19.630,41.3201,77,8,9.625,3.26,5,35
699,20,he,3,SCH,11,SCH10,F,121,32.33,12,19.558,35.0719,62,9,6.88888888888889,3.77,4.6,44
700,20,he,4,ILH,4,ILH10,G,105,27.33,15,17.736,47.4506,75,9,8.33333333333333,3.38,5,37
702,20,he,6,NPH,8,NPH6,G,113,26.00,8,14.407,32.7955,68,9,7.55555555555556,3.29,5,44
703,20,he,1,MHL,5,MHL11,F,105,32.00,19,16.114,40.2037,63,8,7.875,2.65,5,40
704,20,he,2,MHL,5,MHL4,F,105,31.33,19,19.519,31.6489,74,9,8.22222222222222,2.97,5,44
705,20,he,3,ERL,2,ERL2,G,113,30.67,10,23.277,45.3355,65,9,7.22222222222222,3.61,4.6,41
706,20,he,4,MHL,5,MHL8,F,105,28.33,21,13.105,43.8489,85,9,9.44444444444444,4.06,5,48
707,20,he,5,MHL,5,MHL3,F,121,28.33,18,15.408,38.1193,72,9,8,3.46,5,43
708,20,he,6,PWL,10,PWL9,G,113,21.00,11,13.368,31.8713,59,9,6.55555555555556,3.38,4.2,46
709,20,ho,1,ILH,4,ILH10,G,105,26.00,14,12.484,32.5512,66,9,7.33333333333333,3.02,4.4,60
710,20,ho,2,NPH,8,NPH4,G,113,27.33,14,15.461,31.9387,68,9,7.55555555555556,3.16,4.6,64
711,20,ho,3,ERH,1,ERH18,F,121,31.67,15,15.882,39.2135,70,9,7.77777777777778,4.28,4.4,48
712,20,ho,4,ERH,1,ERH9,F,113,29.67,14,16.506,36.8648,66,10,6.6,4.55,5,64
713,20,ho,5,SCH,11,SCH10,F,113,31.33,14,20.554,31.3529,66,9,7.33333333333333,4.42,4.4,42
714,20,ho,6,NPH,8,NPH6,G,113,26.00,9,12.025,25.2204,59,8,7.375,3.38,4.6,69
715,20,ho,1,PWL,10,PWL9,G,105,27.33,17,14.357,35.8944,69,8,8.625,3.23,4.8,52
717,20,ho,3,MHL,5,MHL4,F,105,31.33,12,16.755,36.4141,67,8,8.375,3.20,5,49
718,20,ho,4,ERL,2,ERL2,G,121,28.67,10,16.859,30.9334,50,8,6.25,4.69,4.6,29
719,20,ho,5,MHL,5,MHL11,F,105,28.00,15,14.411,33.2887,73,8,9.125,3.66,5,64
720,20,ho,6,MHL,5,MHL8,F,105,26.00,8,12.807,26.6245,60,8,7.5,3.70,4.6,75
721,21,c,1,ERH,1,ERH12,F,105,26.67,13,14.599,34.7593,n/a,n/a,n/a,n/a,n/a,n/a
722,21,c,2,ILH,4,ILH4,G,92,21.00,9,10.873,36.6718,n/a,n/a,n/a,2.11,4.8,79
723,21,c,3,ILH,4,ILH8,G,105,15.00,8,12.125,32.8157,66,9,7.33333333333333,2.19,4.8,95
724,21,c,4,ILH,4,ILH1,G,99,19.67,6,9.609,32.9782,50,7,7.14285714285714,1.75,n/a,n/a
725,21,c,5,ILH,4,ILH5,G,92,22.67,13,12.27,37.5368,76,9,8.44444444444444,2.49,4.8,93
726,21,c,6,SCH,11,SCH15,G,105,24.00,10,14.662,30.9078,49,8,6.125,3.05,4.4,135
727,21,c,1,SHL,13,SHL18,G,105,21.00,14,11.663,28.4861,77,10,7.7,2.85,4.8,102
728,21,c,2,MHL,5,MHL10,F,92,18.67,15,12.385,39.5232,n/a,n/a,n/a,2.61,5,113
729,21,c,3,WKL,16,WKL9,F,92,22.67,12,13.544,32.2527,59,9,6.55555555555556,2.33,4.8,143
730,21,c,4,MLL,6,MLL5,G,92,23.33,12,13.023,33.5272,n/a,n/a,n/a,2.94,5,95
731,21,c,5,NBL,7,NBL12,F,99,18.67,12,9.09,35.9521,67,8,8.375,2.55,5,125
732,21,c,6,MLL,6,MLL2,G,99,17.33,8,n/a,n/a,63,8,7.875,1.92,4.8,8
733,21,he,1,ILH,4,ILH5,G,105,25.33,16,14.919,47.2161,60,6,10,1.30,4.8,38
734,21,he,2,ERH,1,ERH12,F,105,32.33,15,18.349,49.4167,85,10,8.5,2.93,4.8,116
735,21,he,3,ILH,4,ILH4,G,105,23.00,21,12.885,45.9392,75,9,8.33333333333333,2.44,5,106
736,21,he,4,ILH,4,ILH1,G,92,27.67,22,17.6,50.0048,80,8,10,2.20,4.6,43
737,21,he,5,SCH,11,SCH15,G,113,35.67,19,22.812,37.1729,88,10,8.8,4.34,4.6,90
738,21,he,6,ILH,4,ILH8,G,99,22.00,11,12.22,32.2611,64,9,7.11111111111111,2.37,n/a,n/a
739,21,he,1,SHL,13,SHL18,G,105,24.00,15,15.945,40.6792,73,9,8.11111111111111,2.57,4.6,84
740,21,he,2,NBL,7,NBL12,F,105,25.67,15,16.736,43.8811,79,9,8.77777777777778,2.51,5,77
741,21,he,3,MHL,5,MHL10,F,105,24.33,20,17.606,43.0275,82,9,9.11111111111111,2.53,4.8,82
742,21,he,4,WKL,16,WKL9,F,113,20.00,25,15.323,48.5244,77,10,7.7,2.23,5,89
743,21,he,5,MLL,6,MLL5,G,105,23.00,20,12.041,43.8566,101,10,10.1,2.76,5,60
744,21,he,6,MLL,6,MLL2,G,113,24.00,16,17.58,34.4013,83,9,9.22222222222222,2.75,5,77
745,21,ho,1,ILH,4,ILH1,G,105,30.00,15,14.156,40.5294,80,9,8.88888888888889,2.76,5,92
746,21,ho,2,SCH,11,SCH15,G,105,36.33,18,21.442,40.0153,90,10,9,3.78,4.6,108
747,21,ho,3,ILH,4,ILH5,G,105,32.33,19,15.009,40.3536,n/a,n/a,n/a,n/a,5,43
748,21,ho,4,ILH,4,ILH8,G,105,26.00,10,13.876,38.8853,n/a,n/a,n/a,1.68,4.8,66
749,21,ho,5,ERH,1,ERH12,F,113,37.00,11,18.274,47.7806,82,8,10.25,2.69,4.2,60
750,21,ho,6,ILH,4,ILH4,G,92,21.33,8,9.774,34.2963,66,10,6.6,2.11,5,60
751,21,ho,1,MLL,6,MLL2,G,105,28.67,25,15.759,44.0609,88,9,9.77777777777778,3.11,5,100
752,21,ho,2,MLL,6,MLL5,G,113,31.33,10,18.935,40.7542,n/a,n/a,n/a,n/a,4.8,90
753,21,ho,3,WKL,16,WKL9,F,105,24.67,14,15.149,36.0262,n/a,n/a,n/a,1.78,4.8,73
754,21,ho,4,SHL,13,SHL18,G,105,28.33,12,14.477,38.0497,82,10,8.2,2.33,5,80
755,21,ho,5,MHL,5,MHL10,F,99,25.67,15,17.01,37.3065,83,8,10.375,2.76,5,85
756,21,ho,6,NBL,7,NBL12,F,105,21.67,6,10.48,35.3246,n/a,n/a,n/a,n/a,5,93
757,22,c,1,NPH,8,NPH4,G,99,21.00,9,5.744,75.6579,82,9,9.11111111111111,2.47,4.8,104
758,22,c,2,SCH,11,SCH7,F,113,24.67,8,16.423,30.5391,76,9,8.44444444444444,3.61,4.4,5
759,22,c,3,SSH,15,SSH6,G,105,19.33,4,11.722,38.1171,68,9,7.55555555555556,2.28,5,105
760,22,c,4,ERH,1,ERH5,F,113,22.67,5,12.722,32.0773,n/a,n/a,n/a,2.53,5,92
761,22,c,5,ERH,1,ERH16,F,105,25.33,8,13.233,43.6871,70,10,7,2.07,4.6,67
762,22,c,6,SCH,11,SCH10,F,113,18.33,3,10.985,31.0856,58,10,5.8,2.60,5,76
763,22,c,1,MHL,5,MHL11,F,92,18.00,5,7.226,38.2000,75,9,8.33333333333333,2.39,4.8,76
764,22,c,2,SHL2,14,SHL214,F,99,21.67,6,13.021,42.0517,78,11,7.09090909090909,2.95,4.8,99
765,22,c,3,ERL2,3,ERL23,F,121,20.00,7,15.772,42.8370,78,11,7.09090909090909,4.18,2.6,23
766,22,c,4,MHL,5,MHL17,F,105,18.00,6,9.461,31.4863,70,9,7.77777777777778,2.40,5,86
767,22,c,5,MLL,6,MLL4,G,99,20.67,9,13.015,34.5661,91,10,9.1,3.14,5,90
768,22,c,6,NBL,7,NBL17,F,99,17.67,4,9.764,34.7099,60,10,6,2.61,5,80
769,22,he,1,SCH,11,SCH10,F,113,32.67,11,22.206,42.7676,78,11,7.09090909090909,2.89,4.8,71
770,22,he,2,ERH,1,ERH5,F,113,29.33,13,20.413,46.6823,n/a,n/a,n/a,n/a,4.6,81
771,22,he,3,NPH,8,NPH4,G,105,25.67,9,15.823,46.1366,n/a,n/a,n/a,n/a,5,58
772,22,he,4,SSH,15,SSH6,G,113,29.33,10,20.731,52.8285,n/a,n/a,n/a,n/a,4.8,49
773,22,he,5,SCH,11,SCH7,F,121,39.00,17,24.453,61.5174,63,9,7,3.02,4.6,67
774,22,he,6,ERH,1,ERH16,F,105,31.33,5,17.452,39.1687,n/a,n/a,n/a,n/a,5,40
775,22,he,1,NBL,7,NBL17,F,113,28.00,10,16.445,49.4411,88,10,8.8,2.25,5,56
776,22,he,2,MHL,5,MHL11,F,113,31.33,9,17.043,51.4156,n/a,n/a,n/a,n/a,4.8,48
777,22,he,3,MLL,6,MLL4,G,113,33.00,23,20.681,51.8106,n/a,n/a,n/a,n/a,5,61
778,22,he,4,MHL,5,MHL17,F,113,25.00,17,16.954,57.0735,n/a,n/a,n/a,n/a,5,65
779,22,he,5,ERL2,3,ERL23,F,113,34.33,7,21.729,53.8835,n/a,n/a,n/a,n/a,3.6,39
780,22,he,6,SHL2,14,SHL214,F,113,26.33,13,15.26,35.9433,n/a,n/a,n/a,n/a,5,53
781,22,ho,1,SSH,15,SSH6,G,113,34.00,14,19.934,37.3017,n/a,n/a,n/a,2.18,5,49
782,22,ho,2,SCH,11,SCH10,F,121,34.33,12,16.318,44.4813,n/a,n/a,n/a,n/a,4.2,90
784,22,ho,4,ERH,1,ERH16,F,113,29.33,9,19.829,44.2392,n/a,n/a,n/a,3.12,4.6,129
785,22,ho,5,NPH,8,NPH4,G,113,22.33,16,21.846,42.3709,n/a,n/a,n/a,n/a,5,77
786,22,ho,6,SCH,11,SCH7,F,121,39.00,12,22.575,34.2070,n/a,n/a,n/a,3.47,4.8,106
787,22,ho,1,MLL,6,MLL4,G,113,27.67,11,19.891,38.7873,n/a,n/a,n/a,n/a,5,69
788,22,ho,2,MHL,5,MHL11,F,105,32.33,12,14.92,45.0075,n/a,n/a,n/a,n/a,5,79
789,22,ho,3,ERL2,3,ERL23,F,113,27.33,16,20.533,36.2754,82,9,9.11111111111111,3.28,4,98
790,22,ho,4,SHL2,14,SHL214,F,121,26.67,15,14.819,40.7655,65,9,7.22222222222222,2.41,5,50
791,22,ho,5,MHL,5,MHL17,F,105,22.33,16,17.654,31.4128,n/a,n/a,n/a,2.03,5,96
792,22,ho,6,NBL,7,NBL17,F,113,30.00,9,16.741,32.9325,n/a,n/a,n/a,n/a,5,65
793,23,c,1,ILH,4,ILH1,G,92,18.00,8,8.527,30.6931,63,10,6.3,2.37,5,45
794,23,c,2,ILH,4,ILH9,G,99,19.33,8,9.068,28.9947,71,10,7.1,2.54,4.8,86
795,23,c,3,NUH,9,NUH7,G,92,17.00,11,12.981,31.5893,84,12,7,2.11,5,67
796,23,c,4,ERH,1,ERH1,F,105,22.00,8,10.087,29.1164,52,9,5.77777777777778,3.32,4.6,87
797,23,c,5,SSH,15,SSH7,G,105,21.67,8,12.591,30.4521,70,8,8.75,2.86,4.8,73
798,23,c,6,SCH,11,SCH19,G,99,18.67,8,9.544,25.7885,77,10,7.7,3.10,5,101
800,23,c,2,WKL,16,WKL7,F,92,21.33,10,11.333,28.5625,75,9,8.33333333333333,2.58,4.6,99
801,23,c,3,SHL,13,SHL2,F,113,20.00,8,10.785,29.6711,73,n/a,n/a,2.71,5,85
802,23,c,4,SHL,13,SHL3,F,113,17.67,8,9.975,26.2868,69,9,7.66666666666667,2.58,5,83
803,23,c,5,PWL,10,PWL1,G,105,21.67,9,12.068,27.9140,65,9,7.22222222222222,2.83,5,65
804,23,c,6,NBL,7,NBL5,F,99,18.33,10,8.963,22.2674,52,10,5.2,2.96,5,84
805,23,he,1,NUH,9,NUH7,G,105,25.00,13,17.648,35.5875216637782,84,10,8.4,2.85,4.6,42
806,23,he,2,SSH,15,SSH7,G,113,27.00,16,16.889,39.8526,81,9,9,2.70,5,58
807,23,he,3,ILH,4,ILH1,G,113,28.67,16,16.353,38.3826,76,9,8.44444444444444,2.63,5,66
808,23,he,4,ILH,4,ILH9,G,113,34.33,8,13.939,37.1388,71,9,7.88888888888889,2.71,5,71
809,23,he,5,SCH,11,SCH19,G,121,33.33,14,22.902,34.3660,82,10,8.2,3.81,4.6,45
810,23,he,6,ERH,1,ERH1,F,105,31.00,13,17.195,28.6955,62,9,6.88888888888889,3.50,4.8,99
811,23,he,1,NBL,7,NBL5,F,113,20.33,16,10.401,45.9548,84,10,8.4,3.17,5,51
812,23,he,2,SHL,13,SHL2,F,121,29.67,15,15.113,49.3000,85,11,7.72727272727273,3.06,5,67
813,23,he,3,PWL,10,PWL1,G,121,25.67,8,14.273,41.8649,71,9,7.88888888888889,3.11,5,71
814,23,he,4,SHL,13,SHL3,F,121,27.67,18,20.242,35.5254,92,9,10.2222222222222,3.28,5,56
815,23,he,5,WKL,16,WKL7,F,113,24.33,13,25.095,34.0420,76,9,8.44444444444444,2.59,5,65
818,23,ho,2,ILH,4,ILH9,G,105,27.00,12,13.319,37.3101,66,9,7.33333333333333,2.27,5,56
819,23,ho,3,SSH,15,SSH7,G,99,25.33,10,13.29,27.9224,75,9,8.33333333333333,2.65,5,65
820,23,ho,4,ILH,4,ILH1,G,121,25.00,10,14.453,32.1895,80,9,8.88888888888889,2.47,5,50
821,23,ho,5,NUH,9,NUH7,G,99,24.67,10,10.551,41.5510,87,12,7.25,n/a,5,66
822,23,ho,6,SCH,11,SCH19,G,113,23.67,9,10.9,21.6336,52,10,5.2,2.95,4.4,66
824,23,ho,2,NBL,7,NBL5,F,105,19.33,12,14.616,32.4234,69,10,6.9,2.40,5,60
825,23,ho,3,WKL,16,WKL7,F,113,23.33,13,13.199,38.5556,82,10,8.2,2.37,5,68
826,23,ho,4,PWL,10,PWL1,G,105,24.33,12,11.333,42.5482625482625,73,9,8.11111111111111,2.62,5,59
827,23,ho,5,SHL,13,SHL2,F,121,23.67,9,16.890,35.0615,74,9,8.22222222222222,2.88,5,61
828,23,ho,6,SHL,13,SHL3,F,121,17.33,7,14.467,28.9669,n/a,n/a,n/a,n/a,n/a,n/a
829,24,c,1,NPH,8,NPH7,G,92,20.67,6,10.15,37.4280,n/a,n/a,n/a,n/a,4.8,85
830,24,c,2,SCH,11,SCH10,F,105,23.67,7,15.58,32.7867,51,8,6.375,2.53,4.4,89
831,24,c,3,SCH,11,SCH14,G,105,25.00,10,16.971,30.6823,74,10,7.4,2.89,4.4,136
832,24,c,4,ILH,4,ILH3,G,92,21.00,7,13.781,33.3075,72,10,7.2,2.48,5,80
833,24,c,5,ILH,4,ILH3,G,99,20.33,4,12.607,33.1845,62,7,8.85714285714286,2.03,4.8,76
834,24,c,6,SCH,11,SCH4,F,105,23.67,8,12.613,26.7161,49,8,6.125,2.92,4.8,131
835,24,c,1,NBL,7,NBL13,F,99,18.67,8,12.462,39.2360,n/a,n/a,n/a,n/a,n/a,66
836,24,c,2,MLL,6,MLL6,G,99,21.00,9,11.85,31.7955,64,9,7.11111111111111,2.53,4.2,111
837,24,c,3,MHL,5,MHL20,F,92,20.67,8,12.777,34.3713,70,9,7.77777777777778,1.99,5,78
839,24,c,5,MLL,6,MLL4,G,99,20.00,10,12.855,35.8114,68,9,7.55555555555556,2.75,4.4,137
840,24,c,6,PWL,10,PWL4,G,99,17.67,6,11.561,26.7797,47,8,5.875,2.14,5,103
841,24,he,1,ILH,4,ILH3,G,105,30.67,13,18.362,52.4096,n/a,n/a,n/a,n/a,n/a,n/a
842,24,he,2,SCH,11,SCH4,F,113,37.67,15,n/a,n/a,n/a,n/a,n/a,n/a,5,73
843,24,he,3,NPH,8,NPH7,G,99,27.33,18,19.534,46.2447,n/a,n/a,n/a,n/a,5,76
844,24,he,4,SCH,11,SCH10,F,121,28.00,15,24.754,49.4429,n/a,n/a,n/a,n/a,4.8,52
845,24,he,5,SCH,11,SCH14,G,121,35.67,15,24.282,49.5484,n/a,n/a,n/a,n/a,5,68
846,24,he,6,ILH,4,ILH3,G,99,23.67,7,12.99,36.4798,n/a,n/a,n/a,n/a,5,48
847,24,he,1,PWL,10,PWL4,G,113,30.00,11,14.993,53.3866,n/a,n/a,n/a,n/a,n/a,n/a
848,24,he,2,MLL,6,MLL4,G,113,26.67,17,19.397,61.0791,n/a,n/a,n/a,n/a,4.6,60
849,24,he,3,NBL,7,NBL13,F,113,28.67,12,12.43,63.2108,n/a,n/a,n/a,n/a,n/a,n/a
850,24,he,4,MHL,5,MHL20,F,121,27.67,10,8.347,61.3750,n/a,n/a,n/a,n/a,5,47
851,24,he,5,MHL,5,MHL5,F,105,29.33,11,23.103,63.5649,n/a,n/a,n/a,n/a,5,30
852,24,he,6,MLL,6,MLL6,G,113,24.33,12,17.958,38.8342,n/a,n/a,n/a,n/a,5,47
853,24,ho,1,ILH,4,ILH3,G,99,29.33,14,11.97,47.0147,84,9,9.33333333333333,2.88,4.6,92
854,24,ho,2,SCH,11,SCH10,F,113,33.67,10,21.213,46.1412,77,10,7.7,3.28,4.2,112
855,24,ho,3,SCH,11,SCH4,F,105,31.00,11,17.653,39.5722,62,8,7.75,3.90,4.4,140
856,24,ho,4,SCH,11,SCH14,G,121,32.00,14,23.341,49.6799,82,9,9.11111111111111,3.92,3.8,128
857,24,ho,5,ILH,4,ILH3,G,105,22.33,12,15.084,56.1865,90,9,10,2.33,5,72
858,24,ho,6,NPH,8,NPH7,G,99,21.00,8,10.69,32.8646,73,7,10.4285714285714,2.38,5,62
859,24,ho,1,MLL,6,MLL4,G,105,29.33,19,20.268,45.7926,99,10,9.9,3.93,4.4,100
861,24,ho,3,MHL,5,MHL20,F,121,28.00,12,17.998,53.9616,n/a,n/a,n/a,2.16,5,79
862,24,ho,4,MLL,6,MLL6,G,121,23.67,18,14.566,55.7104,74,8,9.25,2.66,5,75
863,24,ho,5,PWL,10,PWL4,G,105,26.00,10,15.198,35.5244,n/a,n/a,n/a,n/a,5,103
864,24,ho,6,NBL,7,NBL13,F,99,19.33,7,10.95,31.2657,n/a,n/a,n/a,n/a,5,71
866,25,c,2,NPH,8,NPH11,G,92,20.00,10,10.702,35.1132,86,11,n/a,2.64,n/a,125
867,25,c,3,SCH,11,SCH4,F,105,23.00,8,13.205,25.0399,n/a,n/a,n/a,2.52,n/a,85
868,25,c,4,NPH,8,NPH11,G,92,19.33,11,15.064,35.2335,81,11,n/a,2.81,n/a,110
869,25,c,5,SSH,15,SSH3,G,99,21.00,8,12.421,34.3396,60,9,n/a,2.27,n/a,99
870,25,c,6,SCH,11,SCH17,G,105,23.33,7,11.817,19.5648,n/a,n/a,n/a,2.56,n/a,121
871,25,c,1,SHL,13,SHL17,G,99,21.67,8,12.048,27.3872,77,11,n/a,2.72,n/a,91
872,25,c,2,MHL,5,MHL14,F,105,23.33,4,14.098,29.4050,55,9,n/a,1.73,n/a,89
873,25,c,3,NBL,7,NBL3,F,99,21.33,8,n/a,n/a,69,9,n/a,2.20,n/a,80
874,25,c,4,SHL,13,SHL14,G,99,19.00,6,12.683,28.7101,71,10,n/a,2.34,n/a,71
875,25,c,5,SHL,13,SHL16,G,105,18.67,6,11.86,27.7199,64,10,n/a,2.27,n/a,89
876,25,c,6,SHL,13,SHL17,G,99,17.33,3,8.698,20.8000,52,10,n/a,2.17,n/a,113
877,25,he,1,NPH,8,NPH11,G,105,28.67,22,18.916,45.8497,91,11,n/a,2.63,n/a,75
878,25,he,2,NPH,8,NPH11,G,105,23.00,17,16.8,38.2908,87,10,8.7,2.46,5,81
879,25,he,3,SSH,15,SSH3,G,105,31.33,15,14.427,32.2542,91,11,8.27272727272727,2.69,5,78
880,25,he,4,SCH,11,SCH17,G,113,33.33,13,18.329,34.3597,87,12,7.25,3.87,4.6,113
881,25,he,5,SCH,11,SCH1,F,121,32.33,20,18.722,48.1049,76,11,6.90909090909091,2.82,5,94
882,25,he,6,SCH,11,SCH4,F,113,40.00,17,12.229,47.5066,72,10,7.2,3.99,4.6,113
883,25,he,1,SHL,13,SHL17,G,113,30.00,21,20.443,42.3022,99,10,n/a,2.62,n/a,62
884,25,he,2,MHL,5,MHL14,F,113,31.67,12,16.751,27.3380,71,11,6.45454545454545,2.66,5,113
885,25,he,3,NBL,7,NBL3,F,113,32.33,13,14.668,35.3318,87,10,n/a,2.39,n/a,83
886,25,he,4,SHL,13,SHL17,G,113,31.00,16,16.256,50.2264,94,10,n/a,2.52,n/a,59
887,25,he,5,SHL,13,SHL14,G,121,25.33,16,16.504,37.8095,95,11,8.63636363636364,2.57,5,72
888,25,he,6,SHL,13,SHL16,G,113,33.67,16,16.831,35.5330,90,11,8.18181818181818,2.93,5,75
890,25,ho,2,SCH,11,SCH17,G,113,35.33,18,n/a,n/a,85,11,n/a,3.25,n/a,108
891,25,ho,3,SCH,11,SCH4,F,113,37.67,16,n/a,n/a,84,11,n/a,2.82,n/a,75
892,25,ho,4,NPH,8,NPH11,G,99,27.00,13,n/a,n/a,72,10,7.2,2.61,4.8,84
893,25,ho,5,SSH,15,SSH3,G,105,32.00,23,n/a,n/a,87,10,n/a,2.67,n/a,89
894,25,ho,6,NPH,8,NPH11,G,113,24.00,7,n/a,n/a,n/a,n/a,n/a,2.39,4.2,107
895,25,ho,1,SHL,13,SHL14,G,105,29.00,13,n/a,n/a,n/a,n/a,n/a,2.45,n/a,93
896,25,ho,2,SHL,13,SHL17,G,121,32.00,19,n/a,n/a,82,10,n/a,3.00,n/a,95
897,25,ho,3,SHL,13,SHL17,G,121,31.33,12,n/a,n/a,83,10,8.3,3.13,4.8,99
898,25,ho,4,MHL,5,MHL14,F,105,24.67,13,n/a,n/a,84,10,n/a,2.21,n/a,74
899,25,ho,5,NBL,7,NBL3,F,113,28.67,11,n/a,n/a,79,10,7.9,2.52,5,75
900,25,ho,6,SHL,13,SHL16,G,99,24.33,6,n/a,n/a,68,11,n/a,2.65,n/a,90